UF;MUNICIPIO;NOME FANTASIA;LOGRADOURO;NUMERO;BAIRRO;CEP;LATITUDE;LONGITUDE;address
SP;CANANEIA;UNIDADE DE PSF IV ITAPITANGUI CANANEIA;AVN CELSO DE ALMEIDA;132;ITAPITANGA;11990000;-24.93635;-47.95992;AVN CELSO DE ALMEIDA, 132
SP;BARRA DO TURVO;UBS PREFEITO ERIVELTO BITTENCOURT;RUA BERTOLINO CANDIDO DE ABREU;250;JARDIM CANDIDO DE AB;11955000;-24.756;-48.505;RUA BERTOLINO CANDIDO DE ABREU, 250
SP;CAJATI;DENTAL PLUS CAJATI;AVENIDA FERNANDO COSTA;860;VILA RESIDENCIAL SER;11950000;-24.74191;-48.12369;AVENIDA FERNANDO COSTA, 860
SP;ILHA COMPRIDA;UNIDADE DE PSF II NORTE MEU RECANTO ILHA COMPRIDA;RUA IGUAPE;271;MEU RECANTO;11925000;-24.741;-47.54;RUA IGUAPE, 271
SP;PARIQUERA-ACU;LABCENTER MEDICINA LABORATORIAL E DIAGNOSTICA;RUA FERRUCIO PADOVAN;60;JARDIM ELVIRA ZANELL;11930000;-24.71884;-47.88122;RUA FERRUCIO PADOVAN, 60
SP;JACUPIRANGA;ESF FLOR DA VILA JACUPIRANGA;RUA MANGUEIRA;30;FLOR DA VILA;11940000;-24.70695;-48.00766;RUA MANGUEIRA, 30
SP;IPORANGA;UNIDADE SAUDE DA FAMILIA BAIRRO SERRA IPORANGA;BAIRRO SERRA ZONA RURAL;S/N;SERRA DO IPORANGA;18330000;-24.58722;-48.59473;BAIRRO SERRA ZONA RURAL, S/N
SP;ITAPIRAPUA PAULISTA;PSF RIBEIRAO DA VARZEA ITAPIRAPUA PAULISTA;RUA BENTO DE FRANCA;169;RIBEIRAO DA VARZEA;18385000;-24.574;-49.168;RUA BENTO DE FRANCA, 169
SP;IGUAPE;ESTRATEGIA SAUDE DA FAMILIA ITIMIRIM II;RODOVIA PREFEITO CASEMIRO TEIXEIRA;17;ITIMIRIM;11920000;-24.54714;-47.55322;RODOVIA PREFEITO CASEMIRO TEIXEIRA, 17
SP;ELDORADO;UNIDADE DE PSF I FLAMBOYANT ELDORADO;RODOVIA SP 165 KM 111;S/N;ANDRE LOPES;11960000;-24.52;-48.108;RODOVIA SP 165 KM 111, S/N
SP;REGISTRO;USF VILA SAO FRANCISCO REGISTRO;RUA JERONIMO MONTEIRO LOPES;658;VILA SAO FRANCISCO;11900000;-24.488;-47.844;RUA JERONIMO MONTEIRO LOPES, 658
SP;SETE BARRAS;UNIDADE DE PSF II QUILOMBO SETE BARRAS SETE BARRAS;ZONA RURAL;S/N;BARRA DO RIBEIRAO;11910000;-24.388;-47.926;ZONA RURAL, S/N
SP;JUQUIA;UNIDADE DE ESF IPORANGA JUQUIA;BAIRRO IPORANGA;S/N;IPORANGA;11800000;-24.321;-47.635;BAIRRO IPORANGA, S/N
SP;APIAI;PSF PALMITALZINHO APIAI;AV PALMITALZINHO;S/N;PALMITALZINHO;18320000;-24.31162;-49.03536;AV PALMITALZINHO, S/N
SP;PERUIBE;HOSHI HOSHI;RUA PRUDENTE DE MORAES;503;JARDIM RIBAMAR;11750000;-24.30364;-46.99843;RUA PRUDENTE DE MORAES, 503
SP;ITARIRI;UNIDADE DE ESF III ANA DIAS ITARIRI;AV LUIZ FRANCO DO AMARAL;S/N;ANA DIAS;11760000;-24.289;-47.174;AV LUIZ FRANCO DO AMARAL, S/N
SP;MIRACATU;UBS SERRA DO CAFEZAL MIRACATU;BR 116 KM 340;S/N;SERRA DO CAFEZAL;11850000;-24.281;-47.46;BR 116 KM 340, S/N
SP;PEDRO DE TOLEDO;ESF DE MANOEL DE NOBREGA;MANOEL DA NOBREGA;S/N;MANOEL DA NOBREGA;11790000;-24.27349;-47.23404;MANOEL DA NOBREGA, S/N
SP;RIBEIRAO BRANCO;UNIDADE DE SAUDE DA FAMILIA BAIRRO CACADOR;RUA CACADOR DO MEIO;1003;CACADOR;18430000;-24.21309;-48.8642;RUA CACADOR DO MEIO, 1003
SP;GUAPIARA;ESF MONJOLADA;BAIRRO MONJOLADA;S/N;MONJOLADA;18310000;-24.18363;-48.59493;BAIRRO MONJOLADA, S/N
SP;ITANHAEM;UNIDADE DE SAUDE DA FAMILIA SAVOY;RUA JAIME LINO DOS SANTOS;290;SAVOY;11740000;-24.16638;-46.77775;RUA JAIME LINO DOS SANTOS, 290
SP;NOVA CAMPINA;UNIDADE DE SAUDE DA FAMILIA NOEL SILVA SANTOS;DISTRITO DE ITAOCA;S/N;ITAOCA;18435000;-24.12102;-48.90699;DISTRITO DE ITAOCA, S/N
SP;ITARARE;POSTO DE SAUDE DA SANTA BARBARA ITARARE SP;ZONA RURAL;S/N;SANTA BARBARA;18463600;-24.115;-49.341;ZONA RURAL, S/N
SP;ITAPEVA;UNIDADE PSF ALTO DA BRANCAL ITAPEVA;BAIRRO ALTO DA BRANCAL;S/N;ALTO DA BRANCAL;18406380;-24.10784;-48.80947;BAIRRO ALTO DA BRANCAL, S/N
SP;MONGAGUA;CENTRO DE SAUDE III MONGAGUA MONGAGUA;RUA ANTONIO CORDEIRO MENDES;204;VILA ARENS;11730000;-24.087;-46.629;RUA ANTONIO CORDEIRO MENDES, 204
SP;CAPAO BONITO;PSF TURVO DOS ALMEIDAS CAPAO BONITO;BAIRRO TURVO DOS ALMEIDAS;S/N;TURVO DOS ALMEIDAS;18300970;-24.006;-48.349;BAIRRO TURVO DOS ALMEIDAS, S/N
SP;PRAIA GRANDE;RUY MACHADO LIMA;AV SAO PAULO;903;GUILHERMINA;11701160;-24.00551;-46.4194;AV SAO PAULO, 903
SP;GUARUJA;IARA BEGA DE PAIVA;RUA BUENOS AIRES;226;VILA MAIA;11410010;-23.98994;-46.25729;RUA BUENOS AIRES, 226
SP;SANTOS;FRANCISCO CARLOS MORAES DOS SANTOS;AVENIDA DOUTOR PEDRO LESSA;523;PONTA DA PRAIA;11025001;-23.96684;-46.31542;AVENIDA DOUTOR PEDRO LESSA, 523
SP;TAPIRAI;CONSULTORIO ODONTOLOGICO E M E F JOSE DE MOURA GLASSER;RUA JOSE DE MOURA GLASSER;130;TURVO;18180000;-23.964;-47.507;RUA JOSE DE MOURA GLASSER, 130
SP;TAQUARIVAI;ESF FORMIGAS DE TAQUARIVAI;JOAQUIM VICENTE DE CARVALHO;350;FORMIGAS;18425000;-23.95543;-48.72104;JOAQUIM VICENTE DE CARVALHO, 350
SP;SAO VICENTE;UNIDADE BASICA DE SAUDE NAUTICA III SAO VICENTE;RUA NICOLAU PATRICIO MOREIRA;225;CIDADE NAUTICA;11340380;-23.95431;-46.41589;RUA NICOLAU PATRICIO MOREIRA, 225
SP;JUQUITIBA;USF JD DAS PALMEIRAS;RUA JASMIM;323;JD DAS PALMEIRAS;6950000;-23.92895;-47.00861;RUA JASMIM, 323
SP;CUBATAO;NICIA COSTA RIBEIRO;RUA 1 DE MAIO;55;VILA NOVA;11520130;-23.895;-46.425;RUA 1 DE MAIO, 55
SP;SAO MIGUEL ARCANJO;USF GRAMADAO SAO MIGUEL ARCANJO;RUA JOSE ANTONIO VIEIRA;349;GRAMADAO;18230000;-23.878;-47.997;RUA JOSE ANTONIO VIEIRA, 349
SP;BERTIOGA;NUCLEO DE APOIO A CRIANCA ESPECIAL;RUA ALZEMIRO BALIO;S/N;JARDIM VISTA LINDA;11258467;-23.854;-46.139;RUA ALZEMIRO BALIO, S/N
SP;SAO LOURENCO DA SERRA;USF PAIOL DO MEIO;RUA ELVIS ANDRE DE CAMPOS;131;PAIOL DO MEIO;6890000;-23.853;-46.943;RUA ELVIS ANDRE DE CAMPOS, 131
SP;EMBU-GUACU;USF PENTEADO;EST BELVERDERE;17;PENTEADO;6925640;-23.832;-46.811;EST BELVERDERE, 17
SP;RIVERSUL;USF PADILHAS RIVERSUL;RUA GUSTAVO RODRIGUES DE REZENDE;S/N;VILA SANTA TEREZINHA;18470000;-23.828;-49.429;RUA GUSTAVO RODRIGUES DE REZENDE, S/N
SP;BURI;CENTRO DE ATENCAO PSICOSSOCIAL MEIRE PAES GARCIA;RUA PERCIVAL NUNES DE BARROS;20;KURT KRISHLI;18290000;-23.79905;-48.58743;RUA PERCIVAL NUNES DE BARROS, 20
SP;PILAR DO SUL;PAM II NELSON DIAS DE GOES PILAR DO SUL;RUA PROJETADA;6;PAINEIRA;18185000;-23.78408;-47.54127;RUA PROJETADA, 6
SP;ILHABELA;PAS BONETE ILHABELA;RUA BONETE;S/N;BONETE;11630000;-23.778;-45.358;RUA BONETE, S/N
SP;ITABERA;PSF FRANCISCO VIDAL DA VEIGA ITABERA;JOAO GONCALVES;200;TORIBA DO SUL;18440000;-23.76229;-49.27337;JOAO GONCALVES, 200
SP;SAO SEBASTIAO;ANDRE ABELLA MALUF;AVENIDA PROFESSOR JOSE MACHADO ROSA;763;ITATINGA;11611139;-23.76;-45.41;AVENIDA PROFESSOR JOSE MACHADO ROSA, 763
SP;RIO GRANDE DA SERRA;USF SANTA TEREZA;AV JEAN LIEUTAUD;373;STA TEREZA;9450000;-23.75196;-46.40257;AV JEAN LIEUTAUD, 373
SP;PIEDADE;USF BAIRRO DOS CORREAS;ZONA RURAL;S/N;CORREAS;18170000;-23.71421;-47.41536;ZONA RURAL, S/N
SP;RIBEIRAO PIRES;CEO CENTRO DE ESPECIALIDADES ODONTOLOGICAS;RUA PRIMEIRO DE MAIO;108;JARDIM ITACOLOMI;9400310;-23.70634;-46.41662;RUA PRIMEIRO DE MAIO, 108
SP;DIADEMA;SONIA REGINA DE SOUZA LAPA;AVENIDA JOSE BONIFACIO;838;JD SERRARIA;9960120;-23.70087;-46.59722;AVENIDA JOSE BONIFACIO, 838
SP;SAO BERNARDO DO CAMPO;CLINICA CAVASSANI;RUA JOSE PATRICIO;43;RUDGE RAMOS;9601010;-23.6714;-46.5627;RUA JOSE PATRICIO, 43
SP;EMBU DAS ARTES;UBS JD ANGELA;RUA FLAMENGO;66;JD ANGELA;6824280;-23.6692;-46.80477;RUA FLAMENGO, 66
SP;MAUA;CLINICA DE REABILITACAO CORPUS;MANOEL PEDRO JUNIOR;323;VILA BOCAINA;9310720;-23.6683;-46.45485;MANOEL PEDRO JUNIOR, 323
SP;SANTO ANDRE;UBS VILA PALMARES;PRACA AUREA;234;VILA PALMARES;9061405;-23.664;-46.538;PRACA AUREA, 234
SP;IBIUNA;POSTO DE SAUDE CUPIM;RODOVIA JULIO DAL FABBRO;S/N;CUPIM;18150000;-23.65823;-47.224;RODOVIA JULIO DAL FABBRO, S/N
SP;SALTO DE PIRAPORA;PSF BARRA;ZONA RURAL;S/N;BARRA;18160000;-23.649;-47.573;ZONA RURAL, S/N
SP;SARAPUI;PAS DISTRITO DE COCAES SARAPUI;AVENIDA OLEGARIO CORREA DA SILVA;S/N;DISTRITO DE COCAES;18225000;-23.641;-47.825;AVENIDA OLEGARIO CORREA DA SILVA, S/N
SP;COTIA;SECRETARIA MUNICIPAL DE SAUDE DE COTIA;AV PROFESSOR MANOEL JOSE PEDROSO;1401;JARDIM NOMURA;6717900;-23.60691;-46.92017;AV PROFESSOR MANOEL JOSE PEDROSO, 1401
SP;SAO CAETANO DO SUL;CLINICA MEDICA ANITA G BOLOGNANI LTDA;RUA HERCULANO DE FREITAS;295;FUNDACAO;9520280;-23.60636;-46.57214;RUA HERCULANO DE FREITAS, 295
SP;VARGEM GRANDE PAULISTA;COMUNIDADE TERAPEUTICA VGEM GDE PTA;ESTRADA DA LAGOA;210;DA LAGOA;6730000;-23.60383;-47.02218;ESTRADA DA LAGOA, 210
SP;TABOAO DA SERRA;UBS JARDIM RECORD PONTE ALTA;RUA IMARUI;65;JARDIM RECORD;6780050;-23.602;-46.753;RUA IMARUI, 65
SP;CARAGUATATUBA;CIEFI RIO DO OURO II BERNARDO FERREIRA LOUZADA CARAGUATATUBA;RUA HORTO FLORESTAL;S/N;RIO DO OURO;11675730;-23.59766;-45.43015;RUA HORTO FLORESTAL, S/N
SP;CAMPINA DO MONTE ALEGRE;POSTO DE SAUDE DO SALTO CAMPINA DO MONTE ALEGRE;AVENIDA VEREADOR LUIZ GERALDO RODRIGUES VIEIRA;100;BAIRRO DO SALTO;18245000;-23.592;-48.477;AVENIDA VEREADOR LUIZ GERALDO RODRIGUES VIEIRA, 100
SP;SAO PAULO;INST COHEN DE ORTOP REABILITACAO E MEDICINA DO ESPORTE;AVENIDA LINEU DE PAULA MACHADO;660;JARDIM EVEREST;5601000;-23.57757;-46.70205;AVENIDA LINEU DE PAULA MACHADO, 660
SP;ITAPETININGA;CONS MED SIMONE BATTAIOLA DOS SANTOS NEFRO ITAPETININGA;RUA WENCESLAU BRAZ;315;JARDIM MARABA;18213170;-23.57631;-48.03118;RUA WENCESLAU BRAZ, 315
SP;BIRITIBA-MIRIM;ESF JARDIM YONEDA;RUA NILO PECANHA;S/N;JARDIM YONEDA;8940000;-23.573;-46.039;RUA NILO PECANHA, S/N
SP;ALAMBARI;UBS DO TATETU ALAMBARI;RUA ITAPEVA;S/N;TATETU;18220000;-23.56538;-47.88807;RUA ITAPEVA, S/N
SP;ITAPEVI;CONSULTORIO MEDICO DR HERALDO AKIRA ITO;AVENIDA PRESIDENTE VARGAS;181;NOVA ITAPEVI;6694000;-23.549;-46.934;AVENIDA PRESIDENTE VARGAS, 181
SP;SALESOPOLIS;CS II NOSSA SENHORA DO REMEDIO;RUA CATARINA KASPER;99;REMEDIO;8970000;-23.54759;-45.96291;RUA CATARINA KASPER, 99
SP;MAIRINQUE;III UNIDADE DE SAUDE DA FAMILIA DONA CATARINA MAIRINQUE;ESTRADA MUNICIPAL;S/N;DONA CATARINA;18120000;-23.546;-47.183;ESTRADA MUNICIPAL, S/N
SP;SUZANO;LABORATORIO DELIBERATO UNIDADE SUZANO;XV DE NOVEMBRO;259;JARDIM GUAIO;8674210;-23.54238;-46.31398;XV DE NOVEMBRO, 259
SP;CARAPICUIBA;DERMOCLIN CLINICA MEDICA;PARANA;49;VILA JUSSARA;6321210;-23.54053;-46.86143;PARANA, 49
SP;VOTORANTIM;UNIDADE BASICA DE SAUDE JARDIM NOVO MUNDO;RUA ABILIO MAIA;46;JD NOVO MUNDO;18119040;-23.53911;-47.50398;RUA ABILIO MAIA, 46
SP;JANDIRA;UBS EUNICE;RUA URANO;475;VILA EUNICE;6602220;-23.53627;-46.89617;RUA URANO, 475
SP;OSASCO;CLINICA GENEBRA;PRACA PADROEIRA DO BRASIL;161;JD AGU;6010090;-23.533;-46.79199;PRACA PADROEIRA DO BRASIL, 161
SP;POA;VIGILANCIA SANITARIA DE POA;RUA PRUDENTE DE MORAES;90;VILA JULIA;8551230;-23.53148;-46.34431;RUA PRUDENTE DE MORAES, 90
SP;ALUMINIO;CENTRO DE SAUDE ALUMINIO;RUA PAULO DIAS;412;VIL PAULO DIAS;18125000;-23.53027;-47.25356;RUA PAULO DIAS, 412
SP;SAO ROQUE;ADAS SAO ROQUE;RUA BENTO ANTONIO PEREIRA;118;JARDIM BELA VISTA;18134180;-23.5261;-47.1395;RUA BENTO ANTONIO PEREIRA, 118
SP;MOGI DAS CRUZES;USF TABOAO LAMBARI;ESTRADA TABOAO LAMBARI;1110;LAMBARI;8744040;-23.523;-46.188;ESTRADA TABOAO LAMBARI, 1110
SP;FERRAZ DE VASCONCELOS;UBS JD SAO LAZARO;RUA JOSE MILITAO SOARES;141;JD SAO FERNANDO;8541310;-23.51921;-46.3741;RUA JOSE MILITAO SOARES, 141
SP;BARUERI;CEDIME;RUA CAMPOS SALES;303;VILA CRETTI;6411150;-23.50716;-46.87556;RUA CAMPOS SALES, 303
SP;ARACOIABA DA SERRA;PAS MARCILIO O MENCK ARACOIABA DA SERRA;EST DO CERCADO;S/N;CERCADO;18190000;-23.505;-47.614;EST DO CERCADO, S/N
SP;ITAQUAQUECETUBA;ESF YEN WANN SHENG;RUA MARINGA;865;JARDIM MIRAY;8574310;-23.5037;-46.35902;RUA MARINGA, 865
SP;SOROCABA;SES SP DEPARTAMENTO REGIONAL DE SAUDE 16 SOROCABA;RUA DOS DIREITOS HUMANOS;123;JARDIM DO PACO;18087082;-23.502;-47.458;RUA DOS DIREITOS HUMANOS, 123
SP;TAQUARITUBA;ESF BAIRRO DOS ALEIXOS TAQUARITUBA;JOAQUIM RODRIGUES PRIMO;S/N;BAIRRO DOS ALEIXOS;18740000;-23.49353;-49.32097;JOAQUIM RODRIGUES PRIMO, S/N
SP;ANGATUBA;ESF SRA GERTRUDES RAMOS ANGATUBA;RUA JOAQUINA MARIA DOS SANTOS;S/N;TEODOROS;18240000;-23.49;-48.413;RUA JOAQUINA MARIA DOS SANTOS, S/N
SP;CAPELA DO ALTO;U B S NOVA CAPELA;RUA JOAO CORREA;200;JD NOVA CAPELA;18195000;-23.471;-47.735;RUA JOAO CORREA, 200
SP;GUARULHOS;CENTRO MEDICO PEDRA VERDE;RUA PROFESSOR LEOPOLDO PAPERINI;113;JD ZAIRA;7095080;-23.46302;-46.53291;RUA PROFESSOR LEOPOLDO PAPERINI, 113
SP;TAGUAI;ESF JARDIM PRIMAVERA;RUA DAS ACACIAS;68;JARDIM PRIMAVERA I;18890528;-23.45702;-49.39955;RUA DAS ACACIAS, 68
SP;SANTANA DE PARNAIBA;UBS CURURUQUARA;RUA EL SALVADOR;51;CURURUQUARA;6523065;-23.444;-46.918;RUA EL SALVADOR, 51
SP;ARACARIGUAMA;CENTRO DE SAUDE MUNICIPAL ARACARIGUAMA;ALAMEDA BARUERI;61;JARDIM BRASIL;18147000;-23.439;-47.061;ALAMEDA BARUERI, 61
SP;UBATUBA;CENTRO DE ATENCAO PSICOSSOCIAL CAPS I;RUA DOS TRES PODERES;51;ESTUFA II;11689418;-23.43659;-45.07653;RUA DOS TRES PODERES, 51
SP;ITAI;AMBULANCIA SAMU SUPORTE BASICO 02 ITAI;AVENIDA AMANTINO DE MOURA;1619;FLORENTINO DOGNANI;18730003;-23.41944;-49.09002;AVENIDA AMANTINO DE MOURA, 1619
SP;ITAPECERICA DA SERRA;CAPS AD DRA MARIA JOSE DE ALBUQUERQUE;RUA ARARAQUARA;208;JD EMBU MIRIM;6855390;-23.40082;-46.43627;RUA ARARAQUARA, 208
SP;ARUJA;USF MIRANTE;RUA JOAO DE BARROS;712;JARDIM PINHEIRO;7400970;-23.396;-46.321;RUA JOAO DE BARROS, 712
SP;PIRAPORA DO BOM JESUS;USF BENEDITO PEREIRA DA SILVA BIL;RUA ANTONIO LEITE;19;PARQUE PAYOL I;6550000;-23.391;-47.00293;RUA ANTONIO LEITE, 19
SP;PARANAPANEMA;SIMONE DOGNANI CIA LTDA PARANAPANEMA;RUA DOS CRISANTEMOS;167;HOLAMBRAII;18725000;-23.389;-48.723;RUA DOS CRISANTEMOS, 167
SP;FARTURA;CLINICA ODONTO FENIX FARTURA;R JOSE CASSEMIRO;343;VILA VELHA;18870034;-23.388;-49.51;R JOSE CASSEMIRO, 343
SP;PARAIBUNA;PAS BAIRRO SAO GERMANO;ESTRADA SAO GERMANO;11;SAO GERMANO;12260000;-23.386;-45.662;ESTRADA SAO GERMANO, 11
SP;GUAREI;PENITENCIARIA I DE GUAREI NELSON VIEIRA;ESTRADA VICINAL DOMICIANO DE SOUZA;S/N;CAPELA VELHA;18250000;-23.373;-48.184;ESTRADA VICINAL DOMICIANO DE SOUZA, S/N
SP;TATUI;CLIMM CORPO E HARMONIA TATUI SP;RUA DOMINGOS SANTOS FILHO;559;DR LAURINDO;18271580;-23.356;-47.857;RUA DOMINGOS SANTOS FILHO, 559
RJ;PARATI;UNIDADE DE SAUDE DA FAMILIA DE TRINDADE;TRINDADE;S/N;TRINDADE;23970000;-23.35073;-44.72568;TRINDADE, S/N
SP;IPERO;SAMU 192 IPERO;AV CASTELO BRANCO;1010;DIST INDUSTRIAL;18560000;-23.35007;-47.69304;AV CASTELO BRANCO, 1010
SP;CAIEIRAS;UBS JARDIM MARCELINO MARIA RAMOS;R MARIA MARGARETE DA CRUZ;787;JD MARCELINO;7714220;-23.34901;-46.7662;R MARIA MARGARETE DA CRUZ, 787
SP;TEJUPA;UBS RIBEIRAO BONITO TEJUPA;RODOVIA TEJUPA TAQUARITUBA;S/N;RIBEIRAO BONITO;18837000;-23.343;-49.376;RODOVIA TEJUPA TAQUARITUBA, S/N
SP;CAJAMAR;UPA UNIDADE DE PRONTO ATENDIMENTO;RUA ALFREDO DELL VIGNA;253;JORDANESIA;7776395;-23.33816;-46.83937;RUA ALFREDO DELL VIGNA, 253
SP;FRANCO DA ROCHA;PLENA SAUDE;RUA ANGELO RANIERI;52;VILA VERA CRUZ;7803050;-23.33021;-46.72797;RUA ANGELO RANIERI, 52
SP;PORTO FELIZ;PSF AGRO VILA CAIC JOSE BERNARDINO PORTO FELIZ;ZONA RURAL;S/N;INDAIATUBA;18540991;-23.32712;-47.55002;ZONA RURAL, S/N
SP;SANTA ISABEL;IRMANDADE DA SANTA CASA DE MISERICORDIA DE SANTA ISABEL;AV GUILHERME ALFIERI;205;PARQUE SAO BENEDITO;7500000;-23.3196;-46.22387;AV GUILHERME ALFIERI, 205
SP;GUARAREMA;UBS GUIOMAR FRANCO DA CUNHA JD DULCE;RUA PADRE MANOEL DA NOBREGA;23;JARDIM DULCE;8900000;-23.31484;-46.10819;RUA PADRE MANOEL DA NOBREGA, 23
SP;CABREUVA;USF BANANAL DR DARIO MORI ROMANI;AVENIDA HENRIQUE SORIO;413;BANANAL;13316801;-23.308;-47.133;AVENIDA HENRIQUE SORIO, 413
SP;JACAREI;PATRICIA MAURA FAGA;RUA MINAS GERAIS;303;VILA PINHEIRO;12307060;-23.29413;-45.96016;RUA MINAS GERAIS, 303
SP;FRANCISCO MORATO;USF DO JARDIM ROSAS;RUA VICTOR EUGENIO LIPPO;76;JD ROSAS;7991065;-23.28771;-46.73771;RUA VICTOR EUGENIO LIPPO, 76
SP;BOITUVA;UNIDADE BASICA DE SAUDE GENIRA PICCO ROCHA;RUA ALIPIO ASSUNCAO ROSA;20;AGUIA DA CASTELO;18550530;-23.28333;-47.65836;RUA ALIPIO ASSUNCAO ROSA, 20
SP;MAIRIPORA;UBS JOSE CAMILO BEXIGA ESF RIO ACIMA;ESTRADA SANTO ANTONIO;60;RIO ACIMA;7631315;-23.2801;-46.52413;ESTRADA SANTO ANTONIO, 60
SP;ITU;ASTRID DA ROS;RUA ACRE;26;BRASIL;13301380;-23.2575;-47.28823;RUA ACRE, 26
SP;CESARIO LANGE;UBS I BAIRRO DOS TORNINOS CESARIO LANGE;RODOVIA OTAVIO PILON;S/N;TORNINOS;18285000;-23.227;-47.953;RODOVIA OTAVIO PILON, S/N
SP;SAO LUIS DO PARAITINGA;NUCLEO DE ESF CATUCABA;RUA CEL JORDAO MONTEIRO;S/N;CATUCABA;12140000;-23.222;-45.31;RUA CEL JORDAO MONTEIRO, S/N
SP;VARZEA PAULISTA;USF JARDIM CRUZ ALTA;GUAXUPE;94;JD CRUZ ALTA;13224415;-23.21655;-46.83272;GUAXUPE, 94
SP;CAMPO LIMPO PAULISTA;COESSA;RUA DO ROSARIO;151;VILA THOMAZINA;13236320;-23.20713;-46.78913;RUA DO ROSARIO, 151
SP;SALTO;PRISCILA POLITI DE OLIVEIRA;RUA VINTE E QUATRO DE OUTUBRO;1337;VILA HENRIQUE;13321251;-23.201;-47.287;RUA VINTE E QUATRO DE OUTUBRO, 1337
SP;PIRAJU;ESF TREZE DE MAIO ANGELINA GAUDENSI SILVA PIRAJU;TREZE DE MAIO;1430;VILA FERREIRA;18805274;-23.194;-49.384;TREZE DE MAIO, 1430
SP;SAO JOSE DOS CAMPOS;CARMEN CRISTINA PONTES DE MORAIS HUNGRIA;PAULO SETUBAL;147;VILA ADYANNA;12245460;-23.1933;-45.89055;PAULO SETUBAL, 147
SP;JARINU;UNIDADE BASICA DE SAUDE CAMPO LARGO;RUA SAO BENEDITO;S/N;CAMPO LARGO;13240000;-23.19215;-46.67651;RUA SAO BENEDITO, S/N
SP;JUNDIAI;CONSULTORIO ODONTOLOGICO SATURNINO APARECIDO RAMALHO;RUA MARIO BORIN;500;CHACARA URBANA;13209030;-23.18621;-46.89293;RUA MARIO BORIN, 500
SP;NAZARE PAULISTA;HOSPITAL MUNICIPAL DE NAZARE PAULISTA;RUA EZAU AVELINO PINHEIRO;100;VICENTE NUNES;12960000;-23.181;-46.395;RUA EZAU AVELINO PINHEIRO, 100
SP;PORANGABA;UNIDADE DE SAUDE DA FAMILIA 03 PORANGABA;RUA PROFESSORA PERSIDES DO AMARAL;55;JARDIM ADONAI;18260000;-23.176;-48.125;RUA PROFESSORA PERSIDES DO AMARAL, 55
SP;CERQUILHO;UBS DA FAMILIA DINAPOLI CERQUILHO;RUA OSVALDO MALAVAZI;120;DINAPOLI;18526204;-23.1687;-47.75904;RUA OSVALDO MALAVAZI, 120
SP;ITUPEVA;AMBULATORIO DE SAUDE MENTAL E REABILITACAO;RUA OCTAVIANO FABRICIO;51;JD ANA LUIZA;13295554;-23.153;-47.058;RUA OCTAVIANO FABRICIO, 51
SP;INDAIATUBA;UPA JAD MORADA DO SOL INDAIATUBA;AVENIDA ENGENHEIRO FABIO ROBERTO BARNABE;6020;JAD MORADA DO SOL;13348455;-23.11952;-47.23387;AVENIDA ENGENHEIRO FABIO ROBERTO BARNABE, 6020
SP;ATIBAIA;UPA PORTE II 24HS JD CEREJEIRAS ATIBAIA;PRACA ORIENTAL;50;JD CEREJEIRAS;12951006;-23.117;-46.55;PRACA ORIENTAL, 50
SP;AVARE;ESF IV DR CARLOS APARECIDO BANDEIRA AVARE;DONA LOLITA;970;JARDIM PARAISO;18702592;-23.11482;-48.89693;DONA LOLITA, 970
SP;CACAPAVA;CLINICA OFTALMOLOGICA RENATA NAPPO LTDA;COMENDADOR JOAO LOPES;560;VILA RESENDE;12282290;-23.10471;-45.70418;COMENDADOR JOAO LOPES, 560
SP;TIETE;SIDNEY ROGERIO BERTOLA;AV ARRASTAO;60;JARDIM BONANZA;18530000;-23.102;-47.715;AV ARRASTAO, 60
SP;PIRACAIA;UBS JOSE AUGUSTO PECANHA BRANDAO;RUA ACRE;S/N;BATATUBA;12970000;-23.09572;-46.43508;RUA ACRE, S/N
SP;JUMIRIM;CENTRAL DE REGULACAO SMS JUMIRIM;RUA BAZZO;176;NOVA JUMIRIM;18535000;-23.087;-47.784;RUA BAZZO, 176
SP;LOUVEIRA;CONS MEDICO LENITA SCARAMBONI CANTINELLI SEVILLANO;RUA ANTONIO CHICALHONI;183;JARDIM SANTO ANTONIO;13294428;-23.086;-46.951;RUA ANTONIO CHICALHONI, 183
SP;CUNHA;CENTRO DE SAUDE DR DAHER PEDRO DE CUNHA;PRC PRUDENTE GUIMARAES;90;ALTO DO CRUZEIRO;12530000;-23.07684;-44.95998;PRC PRUDENTE GUIMARAES, 90
SP;IPAUSSU;PAS DR ANTONIO CARLOS PUTINATTI;RUA JOAO RICORDI;20;PRQ RES JOAO MARTIN;18950176;-23.05657;-49.62075;RUA JOAO RICORDI, 20
SP;ELIAS FAUSTO;ESF JOSE GUEDES PINTO;R SILVIO DA SILVEIRA MORATO;71;CARDEAL;13350000;-23.04489;-47.37231;R SILVIO DA SILVEIRA MORATO, 71
SP;CERQUEIRA CESAR;ESF NOVA CERQUEIRA;RUA ANTONIO CARDOSO DE OLIVEIRA;80;NOVA CERQUEIRA;18762112;-23.03321;-49.1814;RUA ANTONIO CARDOSO DE OLIVEIRA, 80
SP;CHAVANTES;ESF ENFERMEIRA GISLAINE DE MELLO VIEIRA INOCOOP;RUA HUMBERTO SILVESTRE;302;INOCOOP;18972080;-23.03272;-49.71285;RUA HUMBERTO SILVESTRE, 302
SP;VINHEDO;SANTA CASA DE VINHEDO;INDEPENDENCIA;4705;JARDIM SANTA ROSA;13280001;-23.03;-46.975;INDEPENDENCIA, 4705
SP;CONCHAS;UNIDADE DE SAUDE DA FAMILIA CENTRAL III;AV ELIAS TOMAZELA;S/N;VILA SEMINARIO;18570000;-23.02966;-48.01591;AV ELIAS TOMAZELA, S/N
SP;TAUBATE;FONOCENTER TAUBATE;AVENIDA JOHN FITZGERALD KENNEDY;1215;JARDIM DAS NACOES;12030201;-23.026;-45.555;AVENIDA JOHN FITZGERALD KENNEDY, 1215
SP;BERNARDINO DE CAMPOS;USF PEROLA DO PLANALTO;RUA AGENOR CAMARGO DE LIMA;11;VILA CORONEL ALBINO;18962048;-23.01965;-49.47311;RUA AGENOR CAMARGO DE LIMA, 11
SP;CANITAR;UNIDADE BASICA JAQUELINE DIAS FELICIANO;RUA JOAQUIM BERNARDO DE MENDONCA;100;JARDIM ANTONIO BERNA;18990130;-23.00728;-49.78838;RUA JOAQUIM BERNARDO DE MENDONCA, 100
SP;MANDURI;UBS DR ALDEMAR HOLTZ DE ALMEIDA;RUA RIO GRANDE DO SUL;809;PARQUE DAS ABELHAS;18780000;-23.00674;-49.32435;RUA RIO GRANDE DO SUL, 809
SP;ITATIBA;PSF 18 GALETTO DR GLAUCO MURULO MATIUZZO;RUA FABIO ZUIANI;508;JARDIM GALETO;13253150;-23.006;-46.839;RUA FABIO ZUIANI, 508
RJ;ANGRA DOS REIS;ANGRA RIM;RUA ORLANDO GONCALVES;70;PARQUE DAS PALMEIRAS;23906540;-22.99898;-44.30399;RUA ORLANDO GONCALVES, 70
SP;LARANJAL PAULISTA;UNIDADE BASICA DE SAUDE DE LARAS;RUA JOAO H DE CAMPOS;S/N;DIST DE LARAS;18505000;-22.99569;-47.84408;RUA JOAO H DE CAMPOS, S/N
SP;CAPIVARI;EAP SAO JOAO;AURELIA CASSANIGA MANO;154;SAO JOAO;13365714;-22.995;-47.508;AURELIA CASSANIGA MANO, 154
SP;BRAGANCA PAULISTA;ORTOCLIN GARDEN CLINICA MEDICA LTDA;RUA SALVADOR MARKOWICZ;400;JD SANTA HELENA;12916400;-22.98273;-46.5289;RUA SALVADOR MARKOWICZ, 400
SP;OURINHOS;ALBERTO SCHULHAN;RUA SILVA JARDIM;768;VILA MORAES;19900261;-22.98103;-49.86299;RUA SILVA JARDIM, 768
SP;VALINHOS;HELOISA GLEREAN GUIZELLI;AV ONZE DE AGOSTO;2030;VILA CASSIA;13271170;-22.96713;-47.0052;AV ONZE DE AGOSTO, 2030
RJ;ARRAIAL DO CABO;CEO DAVID SEGUNDO AYRES DE OLIVEIRA;RUA JOSE PINTO DE MACEDO;S/N;PRAINHA;28930000;-22.966;-42.028;RUA JOSE PINTO DE MACEDO, S/N
RJ;MANGARATIBA;ESF INGAIBA;ESTRADA SAO JOAO MARCOS FAZENDA BATATAL;S/N;INGAIBA;23860000;-22.96;-44.041;ESTRADA SAO JOAO MARCOS FAZENDA BATATAL, S/N
SP;TREMEMBE;CONSULTORIO ODONTOLOGICO DRA SILVANA CROZARIOL TREMEMBE;RUA JOSE INOCENCIO MONTEIRO;150;JD DOS EUCALIPTOS;12120310;-22.958;-45.549;RUA JOSE INOCENCIO MONTEIRO, 150
SP;MONTEIRO LOBATO;PAS SOUZA MONTEIRO LOBATO;PRC CONEGO ANTONIO MANZI;S/N;SOUZA;12250000;-22.957;-45.84;PRC CONEGO ANTONIO MANZI, S/N
RJ;MARICA;POSTO DE SAUDE SANTA RITA;RUA 36 QD;433;JARDIM ATLANTICO;24934030;-22.95649;-42.99671;RUA 36 QD, 433
SP;MONTE MOR;CENTRO ESPECIALIDADES ODONTOLOGICAS DR MARIO SPROESSER JR;R JORGE CALIL;85;JD N SRA DE FATIMA;13190204;-22.947;-47.316;R JORGE CALIL, 85
SP;OLEO;PAS VERGINIA DAMIATI;RUA AMAMEDIO ABRAO MULLER FARAHT;468;BATISTA BOTELHO;18795018;-22.94296;-49.34142;RUA AMAMEDIO ABRAO MULLER FARAHT, 468
RJ;NITEROI;CMIP CENTRO MEDICO INTEGRADO PIRATININGA;RUA MANOEL PACHECO DE CARVALHO;327;PIRATININGA;24350401;-22.94244;-43.05622;RUA MANOEL PACHECO DE CARVALHO, 327
RJ;ENGENHEIRO PAULO DE FRONTIN;SAMU 192 EPF I;RUA SANTA IGNEZ;364;JARDIM NOVO RODEIO;26650000;-22.93595;-43.36707;RUA SANTA IGNEZ, 364
SP;ANHEMBI;UNIDADE BASICA DE PIRAMBOIA ANHEMBI;RUA MONTE CASTELO;104;DISTRITO DE ANHEMBI;18639014;-22.93374;-48.16162;RUA MONTE CASTELO, 104
SP;PINDAMONHANGABA;ROSAMARIA PEREIRA BICUDO LIBRELON PINDAMONHANGABA;RUA OSVALDO CRUZ;107;VILA BOURGUESE;12410210;-22.93178;-45.45731;RUA OSVALDO CRUZ, 107
SP;MOMBUCA;UNIDADE MISTA DE SAUDE DE MOMBUCA;RUA GERSON MASCHIO;60;JARDIM DAS OLIVEIRAS;13375000;-22.92802;-47.56452;RUA GERSON MASCHIO, 60
SP;JOANOPOLIS;ANA YAMADA BELLINI;ESTRDA VARGEM ESCURA;888;BONIFACIOS;12980000;-22.92082;-46.20579;ESTRDA VARGEM ESCURA, 888
SP;CAMPINAS;LUCIANO FREIRE;AV ANDRADE NEVES;707;BOTAFOGO;13013161;-22.9046;-47.0689;AV ANDRADE NEVES, 707
SP;SANTA CRUZ DO RIO PARDO;UBS DR ABELARDO PINHEIRO GUIMARAES SCRPARDO;CARLOS CROZATTI;186;CONJUNTO HABITACIONA;18915370;-22.899;-49.633;CARLOS CROZATTI, 186
SP;ROSEIRA;ESF ROSEIRA VELHA;RUA PURCILIA VIEIRA DOS SANTOS;1;ROSEIRA VELHA;12582014;-22.898;-45.305;RUA PURCILIA VIEIRA DOS SANTOS, 1
RJ;SAQUAREMA;FISIORTO;RUA ADOLFO BRAVO;26;BACAXA;28994699;-22.89521;-42.46829;RUA ADOLFO BRAVO, 26
SP;BOTUCATU;APAE DE BOTUCATU;RUA DR JOAO QUEIROZ REIS;278;VILA SONIA;18607010;-22.8939;-48.45377;RUA DR JOAO QUEIROZ REIS, 278
SP;AGUAS DE SANTA BARBARA;SECRETARIA MUNICIPAL DE SAUDE AGUAS DE SANTA BARBARA;AVN JOSE COSTA;1050;JARDIM SOTERO COSTA;18770000;-22.88758;-49.23926;AVN JOSE COSTA, 1050
SP;SALTO GRANDE;USF TERESA MARCOMINI;RUA DALILA BRUFATO VIGANO;625;VILA SALTO GRANDE;19920190;-22.88221;-49.97405;RUA DALILA BRUFATO VIGANO, 625
SP;MORUNGABA;UAPS UNIDADE DE ATENCAO PSICOSOCIAL;RUA JOAQUIM SERAFIM;227;SAO BENEDITO;13260000;-22.88;-46.792;RUA JOAQUIM SERAFIM, 227
SP;HORTOLANDIA;PENITENCIARIA I DE HORTOLANDIA;ROD CAMPINAS MOR KM5;5;VILA BOA VISTA;13184000;-22.858;-47.22;ROD CAMPINAS MOR KM5, 5
RJ;RIO DE JANEIRO;SMS CMS CATIRI AP 51;RUA TRES MARIAS;S/N;BANGU;21860340;-22.84772;-43.47152;RUA TRES MARIAS, S/N
SP;APARECIDA;ESF SAO ROQUE;RUA ZEQUINHA LEMES;570;SAO ROQUE;12573218;-22.847;-45.23;RUA ZEQUINHA LEMES, 570
SP;RIO DAS PEDRAS;PAINCO INDUSTRIA E COMERCIO S A DE RIO DAS PEDRAS;AVENIDA JOSE AUGUSTO DA FONSECA;659;BOM JESUS;13390000;-22.843;-47.606;AVENIDA JOSE AUGUSTO DA FONSECA, 659
RJ;ITAGUAI;UNIDADE SAUDE DA FAMILIA ADAILTON NUNES DOS SANTOS;RUA GENECILDO AGUIAR VIEIRA;1801;TEIXEIRA;23819010;-22.83894;-43.7962;RUA GENECILDO AGUIAR VIEIRA, 1801
RJ;ARARUAMA;ESF POSSE;EST DA POSSE;S/N;POSSE;28985535;-22.83694;-42.29393;EST DA POSSE, S/N
SP;POTIM;CENTRO DE FISIOTERAPIA DE POTIM;RUA ALENCAR CORREIA DE CARVALHO;S/N;VILA OLIVIA;12525426;-22.83267;-45.24785;RUA ALENCAR CORREIA DE CARVALHO, S/N
RJ;SAO GONCALO;USF JARDIM CATARINA III;RUA CAETES;S/N;JARDIM CATARINA;24715521;-22.827;-43.054;RUA CAETES, S/N
SP;SANTO ANTONIO DO PINHAL;ESF III ESTRATEGIA DA SAUDE DA FAMILIA SERTAOZINHO;ESTRADA MUNICIPAL WILSON BENEDITO DOS SANTOS;670;SERTAOZINHO;12450000;-22.827;-45.663;ESTRADA MUNICIPAL WILSON BENEDITO DOS SANTOS, 670
SP;PRATANIA;CENTRO DE ESPECIALIDADES JANE AMANDA JERONIMO;RUA SAO MANUEL;31;COHAB ANTONIO DE QUE;18660504;-22.81523;-48.66518;RUA SAO MANUEL, 31
SP;IBIRAREMA;PROGRAMA SAUDE DA FAMILIA II DE IBIRAREMA MASAYUKI EZAKI;GENTIL PAES;73;SILVIO ZIGLIO;19940000;-22.81488;-50.07406;GENTIL PAES, 73
SP;SILVEIRAS;ESF MACACOS;RUA NOSSA SENHORA DO PATROCINIO;196;MACACOS;12690000;-22.81459;-44.83986;RUA NOSSA SENHORA DO PATROCINIO, 196
RJ;SAO PEDRO DA ALDEIA;UNIDADE BASICA DE SAUDE PORTO DA ALDEIA;AVENIDA SAPUTIABA;35;PORTO DA ALDEIA;28940468;-22.81378;-42.11039;AVENIDA SAPUTIABA, 35
SP;SUMARE;CAPS II ORQUIDEA SUMARE;RUA PEDRO ZACARCHENCO;251;PLANALTO DO SOL;13171300;-22.81226;-47.24642;RUA PEDRO ZACARCHENCO, 251
RJ;IGUABA GRANDE;UBS SAPEATIBA MIRIM JOAO PEDRO DA SILVA LESSA;EST DE SAPEATIBA MIRIM;S/N;SAPEATIBA MIRIM;28960000;-22.80967;-42.18522;EST DE SAPEATIBA MIRIM, S/N
RJ;NILOPOLIS;POLICLINICA ULTRAIMAGEM DE NILOPOLIS LTDA;ESTRADA NILO PECANHA;598;NILOPOLIS;26540232;-22.80708;-43.418;ESTRADA NILO PECANHA, 598
RJ;SAO JOAO DE MERITI;UNIDADE DE SAUDE DA FAMILIA DR JORGE TANNUS REJAME;RUA FERNANDO DE QUEIROS;S/N;JARDIM METROPOLES;25571210;-22.804;-43.372;RUA FERNANDO DE QUEIROS, S/N
SP;PALMITAL;SINDICATO RURAL DE PALMITAL;RUA PAULO VERGILIO;256;PARANA;19973140;-22.789;-50.218;RUA PAULO VERGILIO, 256
RJ;ARMACAO DOS BUZIOS;UNIDADE BASICA DE SAUDE CUSTODIO ALVES G A DE OLIVEIRA;RUA CUSTODIO ALVES;629;CAPAO;28950000;-22.78774;-41.93059;RUA CUSTODIO ALVES, 629
RJ;DUQUE DE CAXIAS;SAMU 192 BASE XEREM USB;RODOVIA WASHINGTON LUIZ;3200;PARQUE BEIRA MAR;25085009;-22.786;-43.312;RODOVIA WASHINGTON LUIZ, 3200
RJ;MESQUITA;UNIDADE DE SAUDE DA FAMILIA MARIA CRISTINA;AVENIDA DR ALVARO LESSA;110;ROCHA SOBRINHO;26572320;-22.78184;-43.40384;AVENIDA DR ALVARO LESSA, 110
SP;PINHALZINHO;UBS MARIA APARECIDA CRISPIM;RUA LUIS TORICELLI;200;JARDIM LIMAO;12995000;-22.77923;-46.59114;RUA LUIS TORICELLI, 200
SP;NOVA ODESSA;UNIDADE BASICA DE SAUDE III;RUA SIGESMUNDO ANDERMAN;731;JD EDEN;13382014;-22.778;-47.296;RUA SIGESMUNDO ANDERMAN, 731
SP;PAULINIA;CLINICA TEIXEIRA;RUA AQUELINA BONATTI MALAVAZZI;203;JD VISTA ALEGRE;13140188;-22.76524;-47.15275;RUA AQUELINA BONATTI MALAVAZZI, 203
RJ;BELFORD ROXO;UBS ISMAEL DE CASTRO ROCHA;RUA NUNES SAMPAIO;560;ANDRADE ARAUJO;26140420;-22.764;-43.399;RUA NUNES SAMPAIO, 560
SP;TARUMA;PRONTO ATENDIMENTO DE TARUMA;AVENIDA PAU BRASIL;310;JARDIM DAS ARVORES;19820000;-22.747;-50.577;AVENIDA PAU BRASIL, 310
SP;CANDIDO MOTA;SANTA CASA DE MISERICORDIA DE CANDIDO MOTA;RUA ALBERTO SCUDELLER;12;PQ LOURIVAL JOSE DE;19885540;-22.746;-50.387;RUA ALBERTO SCUDELLER, 12
SP;LORENA;M M INSIGHT;NOSSA SENHORA DE FATIMA;228;VILA ZELIA;12606340;-22.74238;-45.11225;NOSSA SENHORA DE FATIMA, 228
RJ;TANGUA;UNIDADE DE SAUDE DA FAMILIA DUQUES;RUA FLOR DE MAIO;S/N;DUQUES;24890000;-22.74109;-42.78112;RUA FLOR DE MAIO, S/N
RJ;SEROPEDICA;CENTRO DE ATENCAO PSICOSSOCIAL BICHO DA SEDA;RUA EUCLIDES PEREIRA;26;FAZENDA CAXIAS;23895270;-22.74092;-43.70745;RUA EUCLIDES PEREIRA, 26
SP;SAO PEDRO DO TURVO;E S F TINO NEVES;RUA MARIA ANGELA DEPIZOL;1;AGUA SUJA;18942012;-22.73948;-49.73185;RUA MARIA ANGELA DEPIZOL, 1
SP;AMERICANA;TEREZINHA APARECIDA GALASSI ANTONIO;RUA DAS ACACIAS;133;JD SAO PAULO;13468150;-22.739;-47.331;RUA DAS ACACIAS, 133
RJ;ITABORAI;CLINICA HERINGER;RUA PREFEITO ALVARO DE CARVALHO JUNIOR;534;NANCILANDIA;24800205;-22.73808;-42.84874;RUA PREFEITO ALVARO DE CARVALHO JUNIOR, 534
SP;SANTA BARBARA D'OESTE;CONSULTORIO ODONTOLOGICO LEONARDO GERIN DE SOUZA;RUA SALVADOR;641;CIDADE NOVA;13454355;-22.73681;-47.37772;RUA SALVADOR, 641
SP;CAMPOS DO JORDAO;POSTO VILA BRITANIA;AVENIDA ESCOCIA;380;VILA BRITANIA;12460000;-22.73634;-45.58917;AVENIDA ESCOCIA, 380
SP;SAO MANUEL;USF DR PAULO JUSTO APARECIDA;RUA LIDIA MONTEIRO DE ALMEIDA;500;DIST AP SAO MANUEL;18658302;-22.73241;-48.61227;RUA LIDIA MONTEIRO DE ALMEIDA, 500
SP;PIRACICABA;INSTITUTO DE ONCOLOGIA DE PIRACICABA;AVENIDA INDEPENDENCIA;953;ALTO;13419155;-22.725;-47.649;AVENIDA INDEPENDENCIA, 953
SP;MONTE ALEGRE DO SUL;UNIDADE SAUDE DA FAMILIA MOSTARDAS;AVA MARTILIANO TORRICELLI;S/N;MOSTARDA;13824000;-22.72401;-46.63159;AVA MARTILIANO TORRICELLI, S/N
RJ;RIO CLARO;CENTRO DE ESPECIALIDADES ODONTOLOGICAS;VICENTE PANAINO;978;GUARITA;27460000;-22.723;-44.136;VICENTE PANAINO, 978
RJ;CABO FRIO;ODONTOCLINI;RODOVIA AMARAL PEIXOTO;211;TAMOIOS;28905000;-22.7177;-42.02144;RODOVIA AMARAL PEIXOTO, 211
SP;PEDREIRA;USF SAO RAFAEL ARCANJO PEDREIRA;RUA MARIA BORDIGNHON;70;MARAJOARA;13920000;-22.71675;-46.89409;RUA MARIA BORDIGNHON, 70
RJ;RIO BONITO;AMBULATORIO MUNICIPAL MANOEL LOYOLA SILVA JUNIOR;AVENIDA MARTINHO ALMEIDA;222;MANGUEIRINHA;28800000;-22.7161;-42.63742;AVENIDA MARTINHO ALMEIDA, 222
RJ;QUEIMADOS;CENTRAL DE REGULACAO DE QUEIMADOS;RUA ONZE;S/N;VILA PACAEMBU;26323528;-22.71415;-43.55851;RUA ONZE, S/N
RJ;NOVA IGUACU;ODONTO CENTER;RUA PROFESSORA MARLY DE CARVALHO PEREIRA;143;MIGUEL COUTO;26210000;-22.70948;-43.42823;RUA PROFESSORA MARLY DE CARVALHO PEREIRA, 143
SP;JAGUARIUNA;CLINICA MEDICA SAO BENEDITO;RUA SAO PAULO;67;DOM BOSCO;13911094;-22.706;-46.986;RUA SAO PAULO, 67
SP;AMPARO;USF JARDIM SAO DIMAS;RUA JOSE BUENO DE GODOI;31;JARDIM MODELO;13905694;-22.701;-46.764;RUA JOSE BUENO DE GODOI, 31
SP;ESPIRITO SANTO DO TURVO;CENTRO DE REABILITACAO REEDUCACAO E APOIO MULTIPROFISSIONAL;RUA LUIZ BERTOLINO;431;JARDIM ZANATA;18935052;-22.69704;-49.43175;RUA LUIZ BERTOLINO, 431
RJ;PIRAI;UNIDADE SAUDE FAMIL MARIO DA S GONCALVES RIBEIRAO DAS LAJES;RIBEIRAO DAS LAJES;120;RIBEIRAO DAS LAJES;27175000;-22.68407;-43.87151;RIBEIRAO DAS LAJES, 120
SP;BANANAL;ESF DA VILA;JOAO BARBOSA DE CAMARGO;1038;VILA BOM JARDIM;12850000;-22.684;-44.323;JOAO BARBOSA DE CAMARGO, 1038
SP;AREIOPOLIS;UNIDADE MISTA DE SAUDE DE AREIOPOLIS;RUA VEREADOR IGNACIO LEITE;800;N HAB JOSE ZILLO;18671000;-22.68104;-48.66721;RUA VEREADOR IGNACIO LEITE, 800
SP;SAO BENTO DO SAPUCAI;POSTO DE SAUDE SERRANO DE SAO BENTO DO SAPUCAI;EST BAIRRO DO SERRANO;S/N;SERRANO;12490000;-22.68081;-45.7062;EST BAIRRO DO SERRANO, S/N
RJ;JAPERI;ABONA ODONTOLOGICA LTDA;PRACA OLAVO BILAC;S/N;ENGENHEIRO PEDREIRA;26445010;-22.67724;-43.6054;PRACA OLAVO BILAC, S/N
SP;CRUZALIA;CENTRO DE SAUDE DE CRUZALIA;RUA JOSE SOARES CASSIANO;820;JARDIM SANTO ANGELO;19860114;-22.677;-50.794;RUA JOSE SOARES CASSIANO, 820
SP;ARAPEI;EQUIPE SAUDE DA FAMILIA DE ARAPEI;RUA SERGIO ANTONIO GOMES VIANA;S/N;CAPITAO MOR;12870000;-22.673;-44.44667;RUA SERGIO ANTONIO GOMES VIANA, S/N
SP;CACHOEIRA PAULISTA;CENTRO MEDICO PADRE PIO;SEBASTIAO FORTES;200;VILA CACARRO;12630000;-22.66646;-45.00712;SEBASTIAO FORTES, 200
SP;IEPE;HOSPITAL MUNICIPAL DE IEPE;RUA JOSE SIMOES FILHO;81;RESIDENCIAL OITI;19640023;-22.66005;-51.07903;RUA JOSE SIMOES FILHO, 81
RJ;MAGE;UNIDADE DE SAUDE DA FAMILIA MESSIAS ANTONIO NASCIMENTO;RUA PROFESSOR JOSE LEANDRO;1005;CANAL;25900660;-22.65326;-43.03986;RUA PROFESSOR JOSE LEANDRO, 1005
SP;COSMOPOLIS;FISIOCLIN S C LTDA;RUA MAX HERGERT;965;BELA VISTA I;13150130;-22.6489;-47.19666;RUA MAX HERGERT, 965
SP;HOLAMBRA;PSF SANTA MARGARIDA;CALISSIA;19;BAIRO GROOT;13825000;-22.64562;-47.05166;CALISSIA, 19
SP;SAO JOSE DO BARREIRO;POSTO DE SAUDE SAO JOSE DO BARREIRO II;PRC ANTONIO PRADO JR;S/N;FORMOSO;12830000;-22.645;-44.578;PRC ANTONIO PRADO JR, S/N
SP;ASSIS;DR ELYSEU;AVENIDA SEBASTIAO MENDES DE BRITO;1075;JARDIM EUROPA;19815140;-22.64373;-50.40406;AVENIDA SEBASTIAO MENDES DE BRITO, 1075
SP;SERRA NEGRA;CAPS DE SERRA NEGRA;AVENIDA JOAO GEROSA;1855;DOS FRANCOS;13930000;-22.63102;-46.69854;AVENIDA JOAO GEROSA, 1855
SP;PIQUETE;ESF SANTA ISABEL;RUA JOSE OLINTO BONIFACIO;S/N;SANTA ISABEL;12620000;-22.61959;-45.16509;RUA JOSE OLINTO BONIFACIO, S/N
RJ;SILVA JARDIM;UNIDADE MUNICIPAL DE SAUDE DA FAMILIA DE VARGINHA;AVENIDA GENECIANO LUZ;S/N;VARGINHA;28820000;-22.61405;-42.40762;AVENIDA GENECIANO LUZ, S/N
SP;GUARATINGUETA;ESF JOSE BENEDITO REIS;RUA BARAO DA BOCAINA;65;JARDIM TAMANDARE;12503650;-22.61207;-45.17869;RUA BARAO DA BOCAINA, 65
RJ;PARACAMBI;MSC AMAPA;RUA CIPRIANO RODRIGUES CABRAL;355;AMAPA;26600000;-22.611;-43.709;RUA CIPRIANO RODRIGUES CABRAL, 355
SP;MARACAI;ESF DR LUIZ DAVI LELIS;RUA OZORIO REGINALDO DE SOUZA;535;COHAB III;19840000;-22.611;-50.667;RUA OZORIO REGINALDO DE SOUZA, 535
SP;SANTO ANTONIO DE POSSE;UNIDADE DE SAUDE DA FAMILIA ELIDIA FABOCI DA SILVA;RUA SEBASTIAO RISSATTI;99;RECREIO CAMPESTRE;13833622;-22.606;-46.919;RUA SEBASTIAO RISSATTI, 99
SP;SOCORRO;ESF MORAES POSTINHO DOS MORAES DE SOCORRO;EST MUNIC DOS MORAES;S/N;DOS MORAES;13960000;-22.591;-46.529;EST MUNIC DOS MORAES, S/N
SP;IRACEMAPOLIS;UBS NOE FRANCO DE CAMPOS;RUA PROFESSORA BEATRIZ DE MORAES PESSATTI;305;RESIDENCIAL AQUARIUS;13497078;-22.58826;-47.50733;RUA PROFESSORA BEATRIZ DE MORAES PESSATTI, 305
SP;ARTUR NOGUEIRA;USF PQ DOS TRABALHADORES ARTUR NOGUEIRA;RUA JOSE AUGUSTO MENGUE;20;PQ DOS TRABALHADORES;13165482;-22.58071;-47.16474;RUA JOSE AUGUSTO MENGUE, 20
SP;ROSANA;ESF 03 SETOR III;GLEBA XV DE NOVEMBRO;S/N;ZONA RURAL;19273000;-22.58;-53.059;GLEBA XV DE NOVEMBRO, S/N
SP;CRUZEIRO;CLINICA DE CIRURGIA SANTO ANTONIO;R FRANCISCO NOVAES;157;VILA PAULISTA;12701220;-22.576;-44.963;R FRANCISCO NOVAES, 157
SP;LAVRINHAS;USF JARDIM MAVISOU;AVENIDA NILO RODRIGUES LOZANO;750;JARDIM MAVISOU;12760000;-22.571;-44.902;AVENIDA NILO RODRIGUES LOZANO, 750
SP;LENCOIS PAULISTA;AMBULATORIO MEDICO LWART LUBRIFICANTES;TREVO DA RODOVIA JULIANO LORENZETTI;S/N;CORVO BRANCO;18680900;-22.56753;-48.8177;TREVO DA RODOVIA JULIANO LORENZETTI, S/N
SP;SANTA MARIA DA SERRA;UNIDADE DE SAUDE TEREZA BREGANTINI DE MORAIS;PRACA SANTO ZANI;320;JARDIM BOM JESUS;17370306;-22.567;-48.161;PRACA SANTO ZANI, 320
SP;LIMEIRA;CSF NS DORES 2 LIMEIRA;AVENIDA VITORIO BORTOLAN;1080;NOSSA SENHORA DAS DO;13483132;-22.56188;-47.45396;AVENIDA VITORIO BORTOLAN, 1080
SP;EUCLIDES DA CUNHA PAULISTA;EUCLIN;EUCLIDES DA CUNHA;7;JARDIM BALNEARIO;19275000;-22.5617;-52.59236;EUCLIDES DA CUNHA, 7
SP;SAO PEDRO;UMIS UNIDADE MISTA INTEGRADA A SAUDE SAO PEDRO;RUA ODILA VAIO;648;RECANTO D AGUAS;13520000;-22.549;-47.914;RUA ODILA VAIO, 648
RJ;BARRA MANSA;ECOBARRA ULTRASSONOGRAFIA;RUA ABDO FELIPE;202;ANO BOM;27323000;-22.54581;-44.17193;RUA ABDO FELIPE, 202
SP;QUELUZ;ESTRATEGIA SAUDE DA FAMILIA FIGUEIRA;AV JOSE MESSIAS DE PAULA FRANCA;80;FIGUEIRA;12800000;-22.537;-44.774;AV JOSE MESSIAS DE PAULA FRANCA, 80
RJ;RIO DAS OSTRAS;TOP CLIN;RUA VALDECIR BARROS DE FARIAS;420;NOVA ALIANCA;28893190;-22.53217;-41.95989;RUA VALDECIR BARROS DE FARIAS, 420
SP;TEODORO SAMPAIO;ESF 5 CENTRAL;RUA SEBASTIANA CAMILO DO NASCIMENTO;1082;VILA MINAS GERAIS;19280000;-22.52779;-52.16078;RUA SEBASTIANA CAMILO DO NASCIMENTO, 1082
SP;MACATUBA;UNIDADE SAUDE DA FAMILIA DR OSMAR DA CONCEICAO;RUA BOAVENTURA AZEVEDO;235;JD BOCAYUVA;17293260;-22.52579;-48.72362;RUA BOAVENTURA AZEVEDO, 235
SP;LINDOIA;SIDNEY JORGE PIETRAFESA;AVENIDA RIO DO PEIXE;134;VILA 24 DE OUTUBRO;13950000;-22.52534;-46.64292;AVENIDA RIO DO PEIXE, 134
RJ;MENDES;PSF SANTA RITA;PRACA NICANOR ASSIS;1;STA RITA;26700000;-22.51986;-43.73418;PRACA NICANOR ASSIS, 1
RJ;PINHEIRAL;UNIDADE SAUDE DA FAMILIA DO CRUZEIRO;RUA JOAQUIM MUNIZ;287;CRUZEIRO II;27197000;-22.51887;-44.00709;RUA JOAQUIM MUNIZ, 287
SP;CHARQUEADA;P DE SAUDE PARAISO PASCHOAL DE JORGE CHARQUEADA;RUA BOM JESUS;S/N;PARAISOLANDIA;13519008;-22.51;-47.778;RUA BOM JESUS, S/N
SP;IGARACU DO TIETE;PAS PEDRO ABILE IGARACU DO TIETE;RUA JOAO ORTIGOZA;372;COHAB;17354150;-22.509;-48.558;RUA JOAO ORTIGOZA, 372
RJ;PETROPOLIS;HOSPITAL ALCIDES CARNEIRO;RUA VIGARIO CORREA;1345;CORREAS;25720320;-22.505;-43.179;RUA VIGARIO CORREA, 1345
SP;BARRA BONITA;ALASMAR ODONTOLOGIA BARRA BONITA;RUA PRUDENTE DE MORAES;234;JARDIM VISTA ALEGRE;17340102;-22.49679;-48.5559;RUA PRUDENTE DE MORAES, 234
RJ;ITATIAIA;USF MARECHAL JARDIM;AV DOS ILHEUS;S/N;MAL JARDIM;27580000;-22.4923;-44.56817;AV DOS ILHEUS, S/N
RJ;VOLTA REDONDA;CADEIA PUBLICA FRANZ DE CASTRO HOLZWARTH;AV DOS METALURGICOS;S/N;ROMA;27211130;-22.48869;-44.10899;AV DOS METALURGICOS, S/N
SP;ENGENHEIRO COELHO;APAE DE ENGENHEIRO COELHO;RUA JOSE BUENO DE OLIVEIRA;427;JARDIM LUIZ FAVERO;13445482;-22.48829;-47.20312;RUA JOSE BUENO DE OLIVEIRA, 427
RJ;BARRA DO PIRAI;ESF JOAO GOMES;RUA LENI DE SOUZA;2100;FATIMA;27150240;-22.48589;-43.84992;RUA LENI DE SOUZA, 2100
SP;CORDEIROPOLIS;ESF SILVINA PEREIRA;AVENIDA ARISTEU MARCICANO;3376;JARDIM CORDEIRO;13494200;-22.48502;-47.46821;AVENIDA ARISTEU MARCICANO, 3376
RJ;CASIMIRO DE ABREU;USF AUTOEPSOM DINIZ DE CARVALHO;RUA WALDEMAR DE SOUZA DUARTE;S/N;RIO DOURADO;28860000;-22.481;-42.204;RUA WALDEMAR DE SOUZA DUARTE, S/N
RJ;MIGUEL PEREIRA;POSTO DE SAUDE SARAH K OLIVEIRA;RUA DONA CARLOTA;155;GOVERNADOR PORTELA;26910000;-22.47728;-43.49886;RUA DONA CARLOTA, 155
SP;AGUAS DE LINDOIA;PSF III DR JOSE EGIDIO DE ALVARENGA AGUAS DE LINDOIA;AVENIDA DAS NACOES UNIDAS;1100;CENTRO;13940000;-22.47508;-46.63375;AVENIDA DAS NACOES UNIDAS, 1100
SP;AGUDOS;CONSULTORIO MEDICO JOSE CARLOS D MORANDINI AGUDOS;RUA MARIO PASCHOAL;55;JARDIM SANTA TEREZIN;17120382;-22.4711;-48.99061;RUA MARIO PASCHOAL, 55
RJ;RESENDE;CENOR;RUA FLUMINENSE;180;VILA JULIETA;27520240;-22.46545;-44.45686;RUA FLUMINENSE, 180
RJ;CACHOEIRAS DE MACACU;DAVI MIRANDA LEMOS;RUA PLINIO CASADO;410;CAMPO DO PRADO;28680000;-22.463;-42.653;RUA PLINIO CASADO, 410
SP;SANTA GERTRUDES;DILSON GONCALVES JUNIOR;AV MARIA H D C PEREIRA;189;BOM SUCESSO;13513180;-22.457;-47.53;AV MARIA H D C PEREIRA, 189
SP;SANDOVALINA;PAS BOM PASTOR;ASSENTAMENTO BOM PASTOR;S/N;BOM PASTOR;19250000;-22.45597;-51.76262;ASSENTAMENTO BOM PASTOR, S/N
SP;MOJI MIRIM;UBS MARIA BEATRIZ MOGI MIRIM;RUA JUVENAL TOLEDO;120;MARIA BEATRIZ;13803030;-22.4517;-46.979;RUA JUVENAL TOLEDO, 120
SP;ITAPIRA;POSTO DE SAUDE DA FAMILIA PRADOS;AVENIDA BRASIL;2357;PRADOS;13973255;-22.44811;-46.80868;AVENIDA BRASIL, 2357
SP;ALVINLANDIA;CS ALVINLANDIA;RUA AMADEU CRIPPA;428;JARDIM SAO RAFAEL;17430558;-22.444;-49.763;RUA AMADEU CRIPPA, 428
SP;MIRANTE DO PARANAPANEMA;ESF PE DE GALINHA;ASSENTAMENTO FAZENDA HAROLDINA;S/N;ENG VERAS;19260000;-22.43965;-51.98146;ASSENTAMENTO FAZENDA HAROLDINA, S/N
SP;OCAUCU;POSTO DE SAUDE DE NOVA COLOMBIA;AVENIDA CARLOS COLOMBO;195;NOVA COLOMBIA;17547010;-22.439;-49.923;AVENIDA CARLOS COLOMBO, 195
SP;IPEUNA;SECRETARIA MUNICIPAL DA SAUDE DE IPEUNA;RUA ARARIPE CUSTODIO DA FONSECA;1100;ALTOS DE IPEUNA;13537000;-22.43497;-47.71791;RUA ARARIPE CUSTODIO DA FONSECA, 1100
SP;RIO CLARO;CONSULTORIO DE PSICOLOGIA;RUA 9;3229;ALTO DO SANTANA;13504191;-22.43126;-47.58018;RUA 9, 3229
SP;LUCIANOPOLIS;UBS LAURO BORGES;RUA IRENIO ZANINOTO;10;NUCLEO BELMIRO JORGE;17475262;-22.431;-49.523;RUA IRENIO ZANINOTO, 10
SP;TORRINHA;SECRETARIA MUNICIPAL DE SAUDE DE TORRINHA;RUA JOSE ANTUNES;900;JARDIM PIEDADE;17360000;-22.42891;-48.16945;RUA JOSE ANTUNES, 900
SP;DUARTINA;USF 3 SEBASTIAO FRANCHIN DUARTINA;RUA HONORIO SIMAO;482;NH JOSE SEBASTIAO PU;17472240;-22.42538;-49.39826;RUA HONORIO SIMAO, 482
RJ;PORTO REAL;ERLEI OLIVEIRA ANDRADE MEDICINA E ANESTESIA LTDA;AVENIDA RENATO MONTEIRO;6200;CENTRO;27570000;-22.42;-44.29;AVENIDA RENATO MONTEIRO, 6200
SP;PARAGUACU PAULISTA;ESF IV ROSETA;RUA MANOEL BARBOSA DA CRUZ;S/N;ROSETA;19720014;-22.41953;-50.57946;RUA MANOEL BARBOSA DA CRUZ, S/N
RJ;VASSOURAS;CONSUELO SILVEIRA DA CRUZ;RUA ELISA BARBOSA;19;TAMBASCO;27700000;-22.41801;-43.67666;RUA ELISA BARBOSA, 19
RJ;TERESOPOLIS;APAE TERESOPOLIS;MARIANA;74;BOM RETIRO;25953000;-22.41432;-42.95041;MARIANA, 74
SP;PIRATININGA;USF ANA MARIA SALLES MOURA FALQUEIRO PIRATININGA;ANTONIO ESCUDEIRO;157;SEBASTIANA FALQUEIRO;17495270;-22.4139;-49.14743;ANTONIO ESCUDEIRO, 157
SP;NARANDIBA;UNIDADE DE SAUDE DA FAMILIA LARANJEIRA;ESTRADA PORTO ANIS ABUD;S/N;FAZENDA LARANJEIRA;19220000;-22.407;-51.524;ESTRADA PORTO ANIS ABUD, S/N
RJ;QUATIS;PSF III UNIDADE BASICA DE SAUDE DO JARDIM INDEPENDENCIA;RUA CAPITAO APRIGIO BARBOSA LIMA;168;JD INDEPENDENCIA;27430290;-22.40635;-44.25491;RUA CAPITAO APRIGIO BARBOSA LIMA, 168
RJ;PATY DO ALFERES;PAM SAUDE DA FAMILIA DE BELA VISTA;EST BATATAL;S/N;BELA VISTA;26980000;-22.40544;-43.44737;EST BATATAL, S/N
RJ;MACAE;JOAO BATISTA DE SOUZA JUNIOR;RUA DOUTOR JOAO CUPERTINO;296;IMBETIBA;27913100;-22.38166;-41.77388;RUA DOUTOR JOAO CUPERTINO, 296
SP;MOGI GUACU;MARINO TEIXEIRA GROSSI;AVENIDA MARECHAL CASTELO BRANCO;84;MORRO DO OURO;13840060;-22.37008;-46.94325;AVENIDA MARECHAL CASTELO BRANCO, 84
SP;DOIS CORREGOS;USF JARDIM ARCO IRIS DOIS CORREGOS;AVENIDA BANGU;615;JARDIM ARCO IRIS;17302188;-22.36511;-48.39685;AVENIDA BANGU, 615
SP;ARARAS;UNIDADE DE VIGILANCIA EPIDEMIOLOGICA ARARAS;RUA CAMPOS SALES;33;JARDIM BELVEDERE;13601111;-22.36146;-47.38725;RUA CAMPOS SALES, 33
SP;PEDERNEIRAS;UNIDADE BASICA DE SAUDE SILVIA ADRIANA REGINATO PEREIRA;RUA PEDRO DIAS BARBOSA;140;DISTRITO VANGLORIA;17289008;-22.352;-48.775;RUA PEDRO DIAS BARBOSA, 140
SP;BAURU;IES;RUA ANTONIO XAVIER DE MENDONCA;58;VILA SANTA TEREZA;17012055;-22.33364;-49.06376;RUA ANTONIO XAVIER DE MENDONCA, 58
SP;CONCHAL;SAUDE PRESTACAO DE SERVICOS MEDICOS SS LTDA CONCHAL SP;RUA LUIZ LEITAO;335;JD SANTO ANTONIO;13835000;-22.33;-47.173;RUA LUIZ LEITAO, 335
SP;TARABAI;ESTRATEGIA DE SAUDE DA FAMILIA II DE TARABAI ESF II;PAULO DOMINGOS DA SILVA;110;JARDIM FRANCISCO PER;19210000;-22.303;-51.559;PAULO DOMINGOS DA SILVA, 110
SP;JAU;UBS VILA REAL;RUA ROBERTO CROZERA;558;JARDIM SAO CRISPIM;17208480;-22.296;-48.558;RUA ROBERTO CROZERA, 558
RJ;NOVA FRIBURGO;USF DE CENTENARIO;CENTENARIO DE SALINAS;S/N;CENTENARIO;28630990;-22.282;-42.531;CENTENARIO DE SALINAS, S/N
SP;ESTIVA GERBI;USF 2 ANTONIO RODRIGUES;AVENIDA MARIO ZARA;S/N;ESTIVA VELHA;13857000;-22.27741;-46.94545;AVENIDA MARIO ZARA, S/N
SP;PIRAPOZINHO;PSF I JARDIM VANTINI;RUA FRANCISCO ORTIZ AMIGO;101;JARDIM VANTINI I;19200000;-22.275;-51.5;RUA FRANCISCO ORTIZ AMIGO, 101
SP;BROTAS;PSF PIERINA R SALVIATTO DE BROTAS;RUA NAGIB JORGE;550;CAMPOS ELISIOS;17380000;-22.27182;-48.11312;RUA NAGIB JORGE, 550
SP;ITIRAPINA;PRESIDIO I DE ITIRAPINA DR ANTONIO DE QUEIROZ FILHO;AVENIDA OTONIEL AUGUSTO RODRIGUES;S/N;VILA CIANELLI;13530000;-22.253;-47.823;AVENIDA OTONIEL AUGUSTO RODRIGUES, S/N
SP;QUATA;ESTRATEGIA DE SAUDE DA FAMILIA III QUATA;RUA AZARIAS GAGLIARDI;165;PALAZZI;19780069;-22.24807;-50.69805;RUA AZARIAS GAGLIARDI, 165
SP;ITAPUI;USF DR GERALDO PAULIN;AV DO PORTO;1023;BAL MAR AZUL;17230000;-22.23377;-48.73487;AV DO PORTO, 1023
RJ;AREAL;PSF CEDRO;ROD BR 040;S/N;CEDRO;25845000;-22.231;-43.106;ROD BR 040, S/N
SP;RANCHARIA;HOSPITAL E MATERNIDADE DE RANCHARIA;RUA MARIO CESAR DE CAMARGO;1559;VILA CANTIZANI;19600000;-22.229;-50.893;RUA MARIO CESAR DE CAMARGO, 1559
SP;CORUMBATAI;SAMU CORUMBATAI;RUA B;38;JARDIM DAS LARANJEIR;13540000;-22.22233;-47.62555;RUA B, 38
SP;VERA CRUZ;LUCILENE APARECIDA PELOZO;AVENIDA MARIO DEVITO;477;LORENZETTI;17560206;-22.22;-49.819;AVENIDA MARIO DEVITO, 477
SP;REGENTE FEIJO;FISIOMED;RUA IVO LIBONI;160;JARDIM TENIS CLUB;19570000;-22.21718;-51.30851;RUA IVO LIBONI, 160
SP;GARCA;CLINICA DE OLHOS ASPERTI;RUA AMERICA;121;LABIENOPOLIS;17404270;-22.21483;-49.66264;RUA AMERICA, 121
SP;MARILIA;CENTRO DE REABILITACAO ADAPTACAO DE MEMBROS DE MARILIA;AV CASCATA;13;MARIA IZABEL;17515300;-22.212;-49.93799;AV CASCATA, 13
SP;ESPIRITO SANTO DO PINHAL;UBS DR ARMANDO C S MANDADORI V CENTENARIO E S PINHAL SP;ESTRADA DA FEPASA;S/N;VILA CENTERNARIO;13990000;-22.191;-46.741;ESTRADA DA FEPASA, S/N
RJ;CARAPEBUS;PSF CAPELINHA;RUA JOAO PEDRO SOBRINHO;452;SAPECADO;27998000;-22.1886;-41.66304;RUA JOAO PEDRO SOBRINHO, 452
SP;LEME;CENTRO MEDICO INTEGRADO ANTONIO MACARENKO LEME;AV HERMINIO OMETO;705;JD ALVORADA;13611300;-22.186;-47.39;AV HERMINIO OMETO, 705
RJ;BOM JARDIM;POSTO DE SAUDE DE BANQUETE;RUA JULIO CAETANO DA SILVA;1;BANQUETE;28660000;-22.17992;-42.47389;RUA JULIO CAETANO DA SILVA, 1
SP;INDIANA;ESTRATEGIA DE SAUDE DA FAMILIA II ROBERTO CETARA DOS SANTOS;RUA TIRADENTES;1228;VILA GARCES;19560000;-22.174;-51.252;RUA TIRADENTES, 1228
RJ;RIO DAS FLORES;POLICLINICA DE RIO DAS FLORES;RUA MARCELINO DO VALE;195;INGLESES;27660000;-22.16776;-43.58073;RUA MARCELINO DO VALE, 195
RJ;VALENCA;ESF DE PENTAGNA;PRACA SIMOES CORREIA;S/N;PENTAGNA;27600000;-22.16201;-43.75379;PRACA SIMOES CORREIA, S/N
RJ;PARAIBA DO SUL;UBS PARQUE NIAGARA UNIDADE LUIS CLAUDIO L DIAS;RUA ITAPUA;1;JATOBA;25850000;-22.162;-43.293;RUA ITAPUA, 1
RJ;SAO JOSE DO VALE DO RIO PRETO;POLICLINICA MUNICIPAL;EST SILVEIRA DA MOTTA;S/N;AGUAS CLARAS;25780000;-22.151;-42.924;EST SILVEIRA DA MOTTA, S/N
SP;MARTINOPOLIS;USF DR JOSENALDO JOSE MEDEIROS;RUA BENVINDO ESPOSITO;180;DR ARTHUR G MELLO;19500000;-22.14586;-51.17364;RUA BENVINDO ESPOSITO, 180
SP;BOCAINA;PSF I DOUTOR HELIO INFORZATO;JUCA LIVINO;207;JARDIM JOSE TONON;17242074;-22.13449;-48.5158;JUCA LIVINO, 207
SP;PRESIDENTE PRUDENTE;CONSULTORIO MEDICO ARLENE TANURE CORREA LUCARELLI;RUA FRANCISCO GOMES;75;JARDIM PAULISTANO;19013780;-22.13229;-51.39653;RUA FRANCISCO GOMES, 75
RJ;TRES RIOS;UBS PALMITAL;RUA EVARISTO FRANCISCO MACHADO;368;VILA ISABEL;25815000;-22.117;-43.209;RUA EVARISTO FRANCISCO MACHADO, 368
RJ;QUISSAMA;UNIDADE DE SAUDE DE FAMILIA MARIO B WAGNER;AVENIDA ATLANTICA;462;BARRA DO FURADO;28735000;-22.107;-41.472;AVENIDA ATLANTICA, 462
SP;POMPEIA;CLINICA DE PEDIATRIA E FISIOTERAPIA;JOSE PEREIRA PINTO;66;FLANDRIA;17582146;-22.10544;-50.17378;JOSE PEREIRA PINTO, 66
SP;DOURADO;PSF II DR FERNANDO LUIZ DA SILVA DOURADO;RUA MAXIMILIANO DE OLIVEIRA SAMPAIO;1;JD NOVO DOURADO;13590000;-22.1;-48.318;RUA MAXIMILIANO DE OLIVEIRA SAMPAIO, 1
SP;ALVARES MACHADO;CLINICA BEM ME QUER;IANSA;22;PQ ORIXAS;19160000;-22.08381;-51.47706;IANSA, 22
RJ;CONCEICAO DE MACABU;POSTO DE SAUDE ANTONIO HENRIQUE;RUA PRINCIPAL;S/N;PITEIRA;28740000;-22.08329;-41.90205;RUA PRINCIPAL, S/N
SP;BARIRI;3 POSTO SAUDE DA FAMILIA VILA AMERICANA;RUA BENEDITO PEREIRA DE AGUIAR;242;VILA CONCEICAO;17250000;-22.0753;-48.74624;RUA BENEDITO PEREIRA DE AGUIAR, 242
SP;QUINTANA;FISIOTERAPIA MUNICIPAL CENTRO DE REABILITACAO;AVENIDA SANTO ANTONIO;S/N;SALAO BRANCO;17670000;-22.073;-50.308;AVENIDA SANTO ANTONIO, S/N
SP;RIBEIRAO BONITO;PSF ANITA BOVE RIBEIRAO BONITO;RUA BROTAS;1;MALVINAS;13580000;-22.067;-48.176;RUA BROTAS, 1
RJ;TRAJANO DE MORAIS;POSTO DE SAUDE BARRA DOS PASSOS;TV 1;S/N;BARRA DOS PASSOS;28750000;-22.063;-42.066;TV 1, S/N
SP;AGUAI;CARDIOMED AGUAI;RUA FRANCISCO GUILHERME;1320;JARDIM SANTA URSULA;13863040;-22.05894;-46.98023;RUA FRANCISCO GUILHERME, 1320
SP;PRESIDENTE ALVES;UBS I DO GUARICANGA PRESIDENTE ALVES;RUA FREDERICO BAUTZ;270;DIST S LUIZ GUARICAN;16679012;-22.05255;-49.3326;RUA FREDERICO BAUTZ, 270
RJ;SUMIDOURO;POSTO DE SAUDE JOSE EZEQUIEL DE SOUZA;SANTO ANDRE;S/N;ZONA RURAL;28637000;-22.05127;-42.67466;SANTO ANDRE, S/N
RJ;DUAS BARRAS;POSTO DE SAUDE DE HOLOFOTE;RUA BENEDITO BENTO VELOSO;66;HOLOFOTE;28655000;-22.051;-42.522;RUA BENEDITO BENTO VELOSO, 66
RJ;COMENDADOR LEVY GASPARIAN;POLICLINICA ALTINO ALVES MOREIRA;ESTRADA UNIAO INDUSTRIA KM 132;S/N;GROTAO;25870000;-22.03798;-43.2045;ESTRADA UNIAO INDUSTRIA KM 132, S/N
RJ;CORDEIRO;CENTRO DE ATENCAO PSICOSSOCIAL;RUA NACIB SIMAO;1325;RODOLFO GONCALVES;28540000;-22.029;-42.361;RUA NACIB SIMAO, 1325
SP;AREALVA;PSF GABRIEL JOSE RODRIGUES LAGO AREALVA;JOSE GONCALVES DE MENDONCA;S/N;DISTRITO JACUBA;17168014;-22.029;-48.911;JOSE GONCALVES DE MENDONCA, S/N
RJ;SAPUCAIA;UNIDADE BASICA DE SAUDE BOA SORTE;EST DE BOA SORTE;S/N;BOA SORTE;25880000;-22.01881;-42.86968;EST DE BOA SORTE, S/N
SP;PRESIDENTE BERNARDES;SECRETARIA MUNICIPAL DE SAUDE DE PRES BERNARDES SP;RUA ARTHUR HIDEK YANAY;72;VILA OCIDENTE;19300000;-22.00881;-51.5569;RUA ARTHUR HIDEK YANAY, 72
SP;SAO CARLOS;CLINICA DR VALDIR SANTORO;RUA CONSELHEIRO JOAO ALFREDO;182;VILA PUREZA;13561110;-22.00784;-47.9017;RUA CONSELHEIRO JOAO ALFREDO, 182
SP;BOA ESPERANCA DO SUL;USF VISTA VERDE BOA ESPERANCA DO SUL;RUA DOS MESSI;793;JARDIM VISTA VERDE;14930000;-22.00215;-48.39242;RUA DOS MESSI, 793
SP;PIRASSUNUNGA;JOAO HENRIQUE BAUDUIN FIGUEIREDO PIRASSUNUNGA;AVENIDA CAPITAO ANTONIO JOAQUIM MENDES;835;JARDIM CARLOS GOMES;13633033;-21.996;-47.426;AVENIDA CAPITAO ANTONIO JOAQUIM MENDES, 835
SP;PIRAJUI;PAS JORGE LUIS DE SOUSA;RUA JOSE FLAMINO;45;PRADINIA;16600041;-21.99262;-49.45573;RUA JOSE FLAMINO, 45
RJ;MACUCO;ESTRATEGIA DE SAUDE DA FAMILIA DA VOLTA DO UMBIGO;RUA CAETANO BORETTO;S/N;VOLTA DO UMBIGO;28545000;-21.98472;-42.24548;RUA CAETANO BORETTO, S/N
RJ;CANTAGALO;PSF SAO SEBASTIAO DO PARAIBA;RUA JOAO BATISTA MUZI;60;4 DISTRIRO SAO SEBAS;28500000;-21.981;-42.368;RUA JOAO BATISTA MUZI, 60
SP;SANTO ANASTACIO;ESF MULTI MISTURA;RUA OTAVIO FACHOLI;495;VILA ADORINDA;19360000;-21.977;-51.652;RUA OTAVIO FACHOLI, 495
SP;SAO JOAO DA BOA VISTA;FERNANDO ESTEVES ROCHA SAO JOAO DA BOA VISTA;RUA HENRIQUE CABRAL DE VASCONCELOS;1458;JD SAO NICOLAU;13876100;-21.969;-46.798;RUA HENRIQUE CABRAL DE VASCONCELOS, 1458
RJ;SANTA MARIA MADALENA;PSF COLOMBIANO DE ALMEIDA SANTOS;ARRANCHADOURO;S/N;ARRANCHADOURO;28770000;-21.955;-42.008;ARRANCHADOURO, S/N
SP;ALFREDO MARCONDES;ESF EDUARDO MARTINS COELHO;RUA ABILIO DAGUANO;344;MANOEL MARTINS;19180000;-21.95391;-51.41359;RUA ABILIO DAGUANO, 344
RJ;SAO SEBASTIAO DO ALTO;HOSPITAL SAO SEBASTIAO;RUA MIN FRANCISCO DORNELLES;69;BAIRRO STA IRENE;28550000;-21.95152;-42.13319;RUA MIN FRANCISCO DORNELLES, 69
SP;IBATE;PSF JARDIM AMERICA IBATE;RUA JOAO FASSINI;191;JARDIM ESFER;14815000;-21.94184;-48.00222;RUA JOAO FASSINI, 191
SP;AGUAS DA PRATA;SMS SP SECRETARIA MUNICIPAL DE SAUDE DE AGUAS DA PRATA;RUA LAZARO ANSELMO RAMOS;200;JARDIM AGUAS DA PRAT;13890000;-21.937;-46.717;RUA LAZARO ANSELMO RAMOS, 200
SP;BASTOS;FISIOERGO BASTOS;RUA JOAO MARTINS FERREIRA;27;JARDIM HIKARI;17690000;-21.922;-50.734;RUA JOAO MARTINS FERREIRA, 27
SP;TUPA;USF MARIA APARECIDA SANTOS MORCELLI CIDA MORCELLI MARABA;RUA ARMANDO SALA;545;PARQUE SAO PEDRO;17601050;-21.92156;-50.50931;RUA ARMANDO SALA, 545
SP;DESCALVADO;CONSULTORIO DE FONOAUDIOLOGIA JESSICA MARTINS;RUA MANOEL FERREIRA GAIO;109;JARDIM BELEM;13690000;-21.91752;-47.62571;RUA MANOEL FERREIRA GAIO, 109
SP;HERCULANDIA;PAS JULIANIA DE HERCULANDIA;RUA PARANA;S/N;JULIANIA;17650000;-21.90323;-50.3651;RUA PARANA, S/N
SP;CAIABU;UNIDADE BASICA DE SAUDE II IUBATINGA;RUA FRANCISCO FRANCO;S/N;IUBATINGA;19530000;-21.89972;-51.21276;RUA FRANCISCO FRANCO, S/N
SP;IACANGA;UNIDADE DE SAUDE DA FAMILIA I DE IACANGA;PROFESSORA TEREZINHA OLIVEIRA DA SILVA ALMEIDA;S/N;ESTANCIA IACANGA;17180000;-21.89541;-49.02561;PROFESSORA TEREZINHA OLIVEIRA DA SILVA ALMEIDA, S/N
SP;GUARANTA;CS DR MOACYR C J DE GUARANTA;RUA JOANA CANTOIA MANFREDO;11;SOL NASCENTE;16571500;-21.895;-49.59;RUA JOANA CANTOIA MANFREDO, 11
SP;PRESIDENTE VENCESLAU;ESF VILA SUMARE;RUA PRESTES MAIA;522;VILA SUMARE;19405172;-21.87534;-51.83364;RUA PRESTES MAIA, 522
RJ;CARMO;ESF INFLUENCIA;RUA JOSE FERREIRA ALVES;816;INFLUENCIA;28640000;-21.87132;-42.65484;RUA JOSE FERREIRA ALVES, 816
SP;PORTO FERREIRA;CLINICA DE FISIOTERAPIA SAO FRANCISCO PORTO FERREIRA;AV GAL ALVARO DE GOES VALERIANI;197;SERRA D AGUA;13660224;-21.86189;-47.47879;AV GAL ALVARO DE GOES VALERIANI, 197
SP;CAIUA;PAS AGROVILA 3 DE CAIUA;AV AGRIPINO PIMENTEL DE AZEVEDO;S/N;ZONA RURAL AGROVILA;19450000;-21.83293;-51.99014;AV AGRIPINO PIMENTEL DE AZEVEDO, S/N
SP;VARGEM GRANDE DO SUL;CONSULTORIO MEDICO RENATA S DE ANDRADE VARGEM G DO SUL;RUA FRANCISCO ZANQUETA;60;SAO LUIZ;13880000;-21.83266;-46.89389;RUA FRANCISCO ZANQUETA, 60
SP;SANTA CRUZ DAS PALMEIRAS;POSTO DE ATENDIMENTO AMBULATORIAL M P V PEDRA SCPALMEIRAS;RUA JOSE LUCATELLI;30;CH ETORE MARQUEZELLI;13655316;-21.82604;-47.23784;RUA JOSE LUCATELLI, 30
SP;CAFELANDIA;UNIDADE PSF NUCLEO COHAB E CDHU CAFELANDIA;RUA OCTAVIO DANGELIS;S/N;COHAB E CDHU;16503464;-21.80943;-49.61803;RUA OCTAVIO DANGELIS, S/N
SP;GETULINA;PENITENCIARIA OSIRIS SOUZA E SILVA DE GETULINA;ESTRADA VICINAL AURELIO DE A JUNQUEIRA;95;EST GETULINAMACUCOS;16450000;-21.79482;-50.0259;ESTRADA VICINAL AURELIO DE A JUNQUEIRA, 95
SP;ORIENTE;CLINICA DE FISIOTERAPIA DE ORIENTE;AV MAX WIRTH;599;JARDIM DANGEL;17570000;-21.79367;-50.87422;AV MAX WIRTH, 599
SP;NOVA EUROPA;ESF SANTA FE NOVA EUROPA;RUA CAMPOS SALES;846;VILA FRAIJE;14920000;-21.78347;-48.5677;RUA CAMPOS SALES, 846
SP;ARARAQUARA;ROSANGELA APARECIDA SCARAFICCI PASSOS;AV PLINIO DE CARVALHO;1895;JARDIM TABAPUA;14810200;-21.77901;-48.15561;AV PLINIO DE CARVALHO, 1895
SP;CASA BRANCA;AMBULATORIO DE SAUDE MENTAL LUIZ AGOSTINHO DA SILVA;RUA DO CONVIVIO ZONA RURAL;2;COCAIS;13700000;-21.774;-47.086;RUA DO CONVIVIO ZONA RURAL, 2
SP;PRESIDENTE EPITACIO;ESF DA VILA PALMIRA;RIO DE JANEIRO;871;VILA PALMIRA;19470000;-21.77221;-52.10574;RIO DE JANEIRO, 871
SP;OSVALDO CRUZ;PENITENCIARIA DE OSVALDO CRUZ;RDV CTE JOAO RIBEIRO DE BARROS;572;VENDA BRANCA;17700000;-21.76604;-50.9007;RDV CTE JOAO RIBEIRO DE BARROS, 572
SP;IBITINGA;CLINICA MEDICA ORNELES CLAUDINO IBITINGA;AVENIDA ENG IVANIL FRANCESCHINI;3407;JARDIM IDALINA;14942080;-21.75432;-48.82932;AVENIDA ENG IVANIL FRANCESCHINI, 3407
RJ;CAMPOS DOS GOYTACAZES;BIO BALBI LABORATORIO DE ANALISES CLINICAS;AV SEN JOSE CARLOS PEREIRA PINTO;822;PQ BARAO RIO BRANCO;28010010;-21.74852;-41.31133;AV SEN JOSE CARLOS PEREIRA PINTO, 822
SP;TABATINGA;CENTRO DE FISIOTERAPIA MUNICIPAL TABATINGA SP;RUA SOUZA FREITAS;S/N;VILA ROSSINI;14910000;-21.73899;-48.67642;RUA SOUZA FREITAS, S/N
SP;LUCELIA;UNIDADE DE SAUDE FAMILIA DR DOMINGOS;RUA LUIS DE PAULA BRAGA;S/N;PARQUE DAS PALMEIRAS;17780000;-21.73829;-51.02119;RUA LUIS DE PAULA BRAGA, S/N
SP;AMERICO BRASILIENSE;BEM ESTAR;RUA JOSE NIGRO;204;VILA CERQUEIRA;14820464;-21.72556;-48.10113;RUA JOSE NIGRO, 204
SP;RINOPOLIS;ESF ANTENOR CARLOS DE MATOS;RUA SAO LUCAS;437;JARDIM MARIANA;17740000;-21.71262;-50.72079;RUA SAO LUCAS, 437
SP;SANTA RITA DO PASSA QUATRO;CLINICA MEDICA JOAO CARLOS SANTA RITA DO PASSA QUATRO;AVENIDA DA SAUDADE;225;JARDIM AMERICA;13670000;-21.71014;-47.48186;AVENIDA DA SAUDADE, 225
SP;LINS;KELY BASTOS YAMAMOTO;R WILSON LIMA;410;PASETTO;16403320;-21.69249;-49.74732;R WILSON LIMA, 410
SP;TAMBAU;UNIDADE BASICA DE SAUDE RICCIERI FRANCO TAMBAU;RUA BENEDITO FERREIRA;145;CH INEZ CORSO ANDREA;13710000;-21.69002;-47.27392;RUA BENEDITO FERREIRA, 145
SP;ADAMANTINA;APAE ASSOCIACAO;RUA TSUNEKISHI SAKAI;136;VILA JOAQUINA;17800000;-21.68235;-51.08106;RUA TSUNEKISHI SAKAI, 136
SP;SANTA LUCIA;UNIDADE BASICA DE SAUDE GERALDO CASONI;AVENIDA AURELIO ORLANDI;217;NOVA SANTA LUCIA;14825000;-21.68177;-48.07911;AVENIDA AURELIO ORLANDI, 217
RJ;ITAOCARA;CENTRO DE SAUDE DE ITAOCARA;RUA PASTOR JOSE HENRIQUE DA MATA;550;CAXIAS;28570000;-21.679;-42.082;RUA PASTOR JOSE HENRIQUE DA MATA, 550
SP;DIVINOLANDIA;UIS DO BAIRRO RIBEIRAO DO S ANTONIO DIVINOLANDIA;ZONA RURAL;S/N;RIB DO STO ANTONIO;13780000;-21.661;-46.739;ZONA RURAL, S/N
RJ;SAO JOAO DA BARRA;UNIDADE BASICA DE SAUDE PALACETE;AV MIGUEL ALVES MAGALHAES;S/N;PALACETE;28200000;-21.64;-41.051;AV MIGUEL ALVES MAGALHAES, S/N
RJ;SAO FIDELIS;UBS ERNESTO MACHADO;RUA BENEDITO PECANHA;S/N;ERNESTO MACHADO;28400000;-21.62802;-41.61874;RUA BENEDITO PECANHA, S/N
RJ;APERIBE;PS PITO ACESO PS JOVINO GONCALVES DE ALMEIDA;PITO ACESO;S/N;PITO ACESO;28495000;-21.62623;-42.10366;PITO ACESO, S/N
SP;SALMOURAO;UBS DE SALMOURAO ARNALDO RABASSI;RUA MOACIR DOS REIS;495;JARDIM TOQUEMBURGO;17720000;-21.6212;-50.86342;RUA MOACIR DOS REIS, 495
SP;BORBOREMA;ESF NUCLEO I VILA HERMES;RUA OTAVIO LUIS TORRES;4;VILA HERMES;14955000;-21.62046;-49.0844;RUA OTAVIO LUIS TORRES, 4
SP;FLORIDA PAULISTA;CENTRO DE SAUDE DO INDAIA DO AGUAPEI FLORIDA PAULISTA;RUA TANCREDO DE ALMEIDA NEVES;357;INDAIA DO AGUAPEI;17830000;-21.615;-51.174;RUA TANCREDO DE ALMEIDA NEVES, 357
SP;MATAO;CLIMED MATAO;RUA AFONSO MACCAGNAN;937;NOVA MATAO;15990510;-21.60943;-48.36556;RUA AFONSO MACCAGNAN, 937
SP;GUAICARA;CLINICA ODONTOLOGICA JESSICA PORTELLA GONDO GUAICARA;RUA OFRINER PAULO PALO;91;COHAB CHRIS;16430544;-21.60788;-49.79774;RUA OFRINER PAULO PALO, 91
RJ;CARDOSO MOREIRA;UBS GALDINO SILVA;OUTEIRO;S/N;2 DISTRITO;28180000;-21.60189;-41.41798;OUTEIRO, S/N
SP;SAO JOSE DO RIO PARDO;UNIDADE DE ULTRASSONOGRAFIA SUS SJRIOPARDO;RUA ELISIARIO DIAS GUILLON;430;JARDIM SANTOS DUMONT;13720000;-21.596;-46.889;RUA ELISIARIO DIAS GUILLON, 430
SP;ITAPOLIS;UBS JACY TUCCI ITAPOLIS;R JOAQUIM NABUCO;127;VILA SANTOS;14900000;-21.58826;-48.81729;R JOAQUIM NABUCO, 127
SP;RINCAO;PSF TAQUARAL RINCAO;AV JOAO CANDIDO GONCALVES;12;DISTRITO TAQUARAL;14830000;-21.587;-48.071;AV JOAO CANDIDO GONCALVES, 12
SP;IRAPURU;CASA IRAPURU I CASA IRAPURU II;ESTRADA MUNICIPAL 3;S/N;PATURY;17880000;-21.571;-51.345;ESTRADA MUNICIPAL 3, S/N
RJ;CAMBUCI;ESTRATEGIA DE SAUDE DA FAMILIA DO GUARANI;PARQUE DE EXPOSICAO GUMERCINDO TEIXEIRA DE CARVALH;S/N;SUBURBANO;28430000;-21.57061;-41.9231;PARQUE DE EXPOSICAO GUMERCINDO TEIXEIRA DE CARVALH, S/N
SP;PACAEMBU;CLINICA DE FISIOTERAPIA E PILATES;RUA DEPUTADO PLINIO CAVALCANTE;522;JARDIM MARAJA;17860000;-21.56809;-51.25755;RUA DEPUTADO PLINIO CAVALCANTE, 522
SP;LUIS ANTONIO;CONSULTORIO ODONTOLOGICO MARIANE HELOISA TROIANO;RUA BRASIL;68;JARDIM JATAI;14210000;-21.55611;-47.7011;RUA BRASIL, 68
RJ;SANTO ANTONIO DE PADUA;PSF 010;RUA MANOEL LEITE;S/N;IBITIGUACU;28470000;-21.539;-42.18;RUA MANOEL LEITE, S/N
SP;CACONDE;APAE CACONDE;JOAO ORRICO;S/N;CRISTAIS;13770000;-21.5298;-46.65001;JOAO ORRICO, S/N
SP;DOBRADA;CENTRO DE SAUDE III DOBRADA;RUA JOAO BERTONHA;15;PORTAL DO SOL;15980000;-21.51877;-48.3922;RUA JOAO BERTONHA, 15
SP;JUNQUEIROPOLIS;ESTRATEGIA DE SAUDE DA FAMILIA I;RUA IPIRANGA;540;ALTO CENE;17890000;-21.5152;-51.42833;RUA IPIRANGA, 540
SP;MOTUCA;POLO ACADEMIA DA SAUDE;RUA SAO FRANCISCO;49;JARDIM SAN MATHEUS;14835000;-21.508;-48.151;RUA SAO FRANCISCO, 49
SP;GUATAPARA;UNIDADE BASICA DE SAUDE DR ORESTES DE MOURA PINTO;RUA HERMINIO FELIX BONFIM MINIO;290;CENTR0;14115000;-21.49659;-48.03915;RUA HERMINIO FELIX BONFIM MINIO, 290
SP;DRACENA;UBS JOSE SERAFIM BARBOSA;AVENIDA TANCREDO AIELLO;S/N;JACIPORA;17910000;-21.483;-51.533;AVENIDA TANCREDO AIELLO, S/N
SP;MOCOCA;ESF SR ANTONIO CARLOS MASSARO MOCOCA;RUA JOSE RIBEIRO;86;FRANCISCO GAROFALO;13737313;-21.48137;-47.01185;RUA JOSE RIBEIRO, 86
SP;SANTA ROSA DE VITERBO;AMBULATORIO MUNICIPAL PAULO RICCI STA ROSA DE VITERBO;AVENIDA PROF JOSE DILERMANDO RIBEIRO;405;RESIDENCIAL LUIZ GON;14270000;-21.47543;-47.37156;AVENIDA PROF JOSE DILERMANDO RIBEIRO, 405
RJ;SAO FRANCISCO DE ITABAPOANA;UBS ARMINDA MARIA BARRETO;RODOVIA AFONSO CELSO;1171;IMBURI DE CACIMBAS;28230000;-21.47;-41.119;RODOVIA AFONSO CELSO, 1171
SP;NOVO HORIZONTE;UBS JARDIM SAO BENEDITO NOVO HORIZONTE;AVN ANTONIO PEDRO TOMITAO;189;JARDIM SAO BENEDITO;14965280;-21.468;-49.221;AVN ANTONIO PEDRO TOMITAO, 189
SP;TAPIRATIBA;UBS JARDIM RENASCER;RUA ADEMAR VILLA;1;JARDIM RENASCER;13760000;-21.468;-46.749;RUA ADEMAR VILLA, 1
SP;AVANHANDAVA;E M E I GINO CORBUCCI;R DO CAFE;1147;JARDIM CAMPOS VERDES;16360000;-21.461;-49.95;R DO CAFE, 1147
SP;SAO SIMAO;POSTO DE SAUDE JOSE ALCIDES DE BRITO BQ;AVENIDA JOSE NAYME;869;BENTO QUIRINO;14200000;-21.45503;-47.58218;AVENIDA JOSE NAYME, 869
RJ;ITALVA;ESF ESTRATEGIA SAUDE DA FAMILIA ORLANDO MADUREIRA;RUA CORONEL LUIS SALLES;414;MORRO GRANDE;28250000;-21.42143;-41.69448;RUA CORONEL LUIS SALLES, 414
SP;PENAPOLIS;SEMEDI;RAUL FORCHERO CASASCO;15;VILLAGE REGINA;16304230;-21.42141;-50.07158;RAUL FORCHERO CASASCO, 15
RJ;MIRACEMA;SUBPOSTO DE SAUDE DE AREIAS;AREIAS;S/N;AREIAS;28460000;-21.412;-42.197;AREIAS, S/N
SP;TAQUARITINGA;OGATA ODONTOLOGIA;PRACA TOKIO;22;LARANJEIRAS;15900000;-21.406;-48.505;PRACA TOKIO, 22
SP;TUPI PAULISTA;PENITENCIARIA FEMININA DE TUPI PAULISTA;ROD COMAND JOAO RIBEIRO DE BARROS KM 667 8;S/N;GUARACIABA;17930000;-21.381;-51.571;ROD COMAND JOAO RIBEIRO DE BARROS KM 667 8, S/N
SP;FERNANDO PRESTES;USF JOSE DOCE FILHO;RUA ERNESTO BAPTISTA DE AGUIAR;260;AGULHA;15945000;-21.36463;-48.74186;RUA ERNESTO BAPTISTA DE AGUIAR, 260
SP;GUARIBA;SAMU DE GUARIBA;RUA DR SOBRAL NETO;1470;RESIDENCIAL EMIDIO D;14840000;-21.36461;-48.22551;RUA DR SOBRAL NETO, 1470
RJ;SAO JOSE DE UBA;ESTRATEGIA DA SAUDE DA FAMILIA ESF ANTONIO MORAES FILHO;RUA JUCA NETO;323;MORRO DO PINHAO;28455000;-21.35773;-41.94176;RUA JUCA NETO, 323
SP;PANORAMA;EQUIPE DE SAUDE DA FAMILIA I I MARRECAS PANORAMA;RUA JONAS DIAS DOS SANTOS;840;MARRECAS;17980000;-21.356;-51.86;RUA JONAS DIAS DOS SANTOS, 840
SP;CRAVINHOS;MARCOS STEIN ODONTOLOGIA CRAVINHOS;AV PEDRO AMOROSO;615;VILA CLAUDIA;14140000;-21.3406;-47.74082;AV PEDRO AMOROSO, 615
SP;ITAJOBI;ESF NOVA CARDOSO PAULO SERGIO VINHANDO ITAJOBI;RUA JUVENCIO SANTANA;200;NOVA CARDOSO;15840000;-21.33321;-49.16454;RUA JUVENCIO SANTANA, 200
SP;PAULICEIA;ESF II JOSE ALVES DA SILVA;AV PAULISTA;360;PORTO;17990000;-21.31226;-51.84074;AV PAULISTA, 360
SP;SERRA AZUL;DR LUIZ ANTONIO ARAUJO DIAS;RUA BOAVENTURA VILLELA DOS REIS;99;COHAB SEBASTIAO ZERB;14230000;-21.30908;-47.56766;RUA BOAVENTURA VILLELA DOS REIS, 99
SP;SANTA MERCEDES;UNIDADE BASICA DE SAUDE ESTELINA DOS SANTOS SEVERO;AV CRUZEIRO DO SUL;380;TERRA NOVA DOESTE;17945000;-21.30498;-51.68683;AV CRUZEIRO DO SUL, 380
SP;RUBIACEA;UBS I CARAMURU RUBIACEA;AVENIDA SAO JOAO;S/N;CARAMURU;16750000;-21.29913;-50.7292;AVENIDA SAO JOAO, S/N
SP;MONTE CASTELO;POLO DE ACADEMIA DE SAUDE;ALAMEDA DOS BEM TE VIS;S/N;PARQUE AGUAPEI;17960000;-21.299;-51.569;ALAMEDA DOS BEM TE VIS, S/N
SP;PROMISSAO;UBS PSF ASSENTAMENTO REUNIDAS DE PROMISSAO;BR 153;S/N;ASSENTAMENTO REUNIDA;16370000;-21.29544;-49.79304;BR 153, S/N
SP;BIRIGUI;AMBULATORIO DE SAUDE MENTAL DR ARTUR CORDEIRO;AV JOAO CERNACK;2360;VILA TRONCOSO;16201000;-21.28889;-50.33188;AV JOAO CERNACK, 2360
SP;IRAPUA;ESF MARIA ANGELICA DA SILVA DE SOUZA;RUA JOAO PARDO SOLIS;400;TIRFEU LUIZ PONGELUP;14990000;-21.279;-49.409;RUA JOAO PARDO SOLIS, 400
SP;CAJURU;CONSULTORIO DE ORTOPEDIA CAJURU;RUA CAP JOSE FERREIRA DINIZ;702;JD MARIA GORETTI;14240000;-21.275;-47.304;RUA CAP JOSE FERREIRA DINIZ, 702
SP;GUARARAPES;DIVISAO VIGILANCIA SANITARIA MUNICIPAL DE SAUDE GUARARAPES;AV TIRADENTES;435;JARDIM INDUSTRIAL;16700000;-21.26871;-50.6425;AV TIRADENTES, 435
SP;JABOTICABAL;ALOISIO TITO ROSA EIRELI EPP;R DOUTOR MARIO DE CAMPOS;601;JARDIM SAO MARCOS I;14887200;-21.26114;-48.30618;R DOUTOR MARIO DE CAMPOS, 601
SP;MONTE ALTO;CLINICA DE ORTOPEDIA E TRAUMATOLOGIA MONTE ALTO;AVENIDA MARECHAL DEODORO DA FONSECA;1116;JD PARAISO;15910000;-21.261;-48.496;AVENIDA MARECHAL DEODORO DA FONSECA, 1116
SP;SANTA ADELIA;UNIDADE BASICA DE SAUDE TEREZA ALVES RIZZO BOTELHO;RUA JOAO CACAO RIBEIRO;280;BOTELHO;15953000;-21.24124;-48.79485;RUA JOAO CACAO RIBEIRO, 280
SP;DUMONT;UNIDADE MISTA DE SAUDE DE DUMONT;RUA SAO PEDRO;276;JDTANGARA;14120000;-21.236;-47.973;RUA SAO PEDRO, 276
SP;VALPARAISO;PENITENCIARIA DE VALPARAISO;ESTRADA MUNICIPAL VPS 012 VPS 351;S/N;VALDEVINO S PACHECO;16880000;-21.23338;-50.82395;ESTRADA MUNICIPAL VPS 012 VPS 351, S/N
SP;SERRANA;AMBULATORIO DE SAUDE MENTAL DEUSDEDITH MEGA;RUA LINDOLFO MARQUES;60;JARDIM DOM PEDRO I;14150000;-21.21722;-47.59338;RUA LINDOLFO MARQUES, 60
SP;ARACATUBA;UAMO PRATA DE ARACATUBA;RUA MARIA GUERRA RICOBONI;S/N;ZONA RURAL PRATA;16015150;-21.21079;-50.43013;RUA MARIA GUERRA RICOBONI, S/N
RJ;LAJE DO MURIAE;MODULO III DO PSF;RUA LEOPOLDINA;S/N;AREIA BRANCA;28350000;-21.206;-42.123;RUA LEOPOLDINA, S/N
SP;GLICERIO;CENTRO DE SAUDE III GLICERIO JULIO FUJIHARA;RUA TIRADENTES;161;JURITIS;16280000;-21.20369;-50.17489;RUA TIRADENTES, 161
SP;URUPES;UBS SAO JOAO DE ITAGUACU URUPES;RUA BAHIA;S/N;SAO JOAO DE ITAGUACU;15855000;-21.202;-49.29;RUA BAHIA, S/N
RJ;ITAPERUNA;MARCO AURELIO AGUIAR RAEDER;FIDELCINO PEREIRA DOS SANTOS;54;COSTA E SILVA;28300000;-21.192;-41.89575;FIDELCINO PEREIRA DOS SANTOS, 54
SP;BARRINHA;NUCLEO SAUDE MENTAL AURELIA ZAMPIERE DA SILVA;RUA ANTONIO ORLANDO GONCALVES;45;PARQUE MOGI;14860000;-21.19193;-48.16783;RUA ANTONIO ORLANDO GONCALVES, 45
SP;ARIRANHA;ESF NEUSA DEL BUSSO ARIRANHA;RUA SEBASTIANA DE FREITAS TOZZO;176;JD CATHARINA GALBIAT;15960000;-21.188;-48.787;RUA SEBASTIANA DE FREITAS TOZZO, 176
SP;PINDORAMA;UBS PROFESSORA ZILDA DE SOUZA GUARDIA;AV PEDRO CARNIELO;11;ITALO COLOMBO;15830000;-21.17888;-48.89827;AV PEDRO CARNIELO, 11
SP;UBARANA;LABORATORIO DE PROTESES E ORTODONTIA W J E;RUA ILDEFONSO AUGUSTO DE SOUZA;680;ARIOVALDO D N BUENO;15225000;-21.16883;-49.71878;RUA ILDEFONSO AUGUSTO DE SOUZA, 680
SP;LAVINIA;PENITENCIARIA VEREADOR FREDERICO GEOMETTI DE LAVINIA I;ESTRADA MUNICIPAL LAVINIA TABAJARA;S/N;PEROBAL;16850000;-21.16751;-51.0413;ESTRADA MUNICIPAL LAVINIA TABAJARA, S/N
SP;RIBEIRAO PRETO;IMPLAMARK RIBEIRAO PRETO;TAPAJOS;1851;IPIRANGA;14060590;-21.1458;-47.82345;TAPAJOS, 1851
SP;CATANDUVA;CLINICA MEDICA NARDI S C LTDA CATANDUVA;AVENIDA DEPUTADO ORLANDO ZANCANER;301;VILA AMENDOLA;15801120;-21.138;-48.973;AVENIDA DEPUTADO ORLANDO ZANCANER, 301
SP;SERTAOZINHO;CAS CARDIOLOGIA SERTAOZINHO;R JUVENAL OLYMPIO MARTINS;1028;JD RECREIO;14170390;-21.13798;-47.99852;R JUVENAL OLYMPIO MARTINS, 1028
RJ;BOM JESUS DO ITABAPOANA;CONSULTORIO DR ALAIR TEIXEIRA DA SILVA;RUA BONFINO CARDOSO DE MELLO;407;BELVEDERE;28360000;-21.134;-41.68;RUA BONFINO CARDOSO DE MELLO, 407
SP;IBIRA;CS DE IBIRA VEREADOR ARLINDO SIMPLICIO DA SILVA;AV IBIRA;773;TERMAS DE IBIRA;15860000;-21.10329;-49.19001;AV IBIRA, 773
SP;PIRANGI;MEDIKA;RODOLFO MARCONATO;463;VL NUNES;15820000;-21.09934;-48.67064;RODOLFO MARCONATO, 463
SP;PALMARES PAULISTA;CONSULTORIO ODONTOLOGICO;RUA DUQUE DE CAXIAS;167;BARROSO;15828000;-21.08261;-48.7981;RUA DUQUE DE CAXIAS, 167
SP;BURITAMA;UBS II DA FAMILIA NICOLA LAVECHIA BURITAMA;RUA MARECHAL DEODORO;877;LIVRAMENTO;15290000;-21.066;-50.147;RUA MARECHAL DEODORO, 877
SP;JARDINOPOLIS;UBS SARANDI JARDINOPOLIS;RUA PEDRO ALBERNAZ;S/N;DIST DE JURUCE;14680000;-21.06273;-47.74248;RUA PEDRO ALBERNAZ, S/N
SP;CATIGUA;CENTRO DE FISIOTERAPIA ELZIO VALEJO;AVN WILSON VEIGA;500;SAO SEBASTIAO;15870000;-21.05738;-49.06367;AVN WILSON VEIGA, 500
SP;POTIRENDABA;ESF I ANTONIO ABDALLA;RUA MIGUEL ABRUZZINI;100;COHAB IV;15105000;-21.05122;-49.3735;RUA MIGUEL ABRUZZINI, 100
SP;JOSE BONIFACIO;E S F DR EDSON GIANNETTO JD CARLOS CASSETARI J BONIFACIO;RUA EDUARDO FELIX DE MENDONCA;325;CARLOS CASSETARI;15200000;-21.04622;-49.67887;RUA EDUARDO FELIX DE MENDONCA, 325
RJ;NATIVIDADE;HOSPITAL NATIVIDADE;AV MAURO ALVES RIBEIRO JUNIOR;1044;BALNEARIO;28380000;-21.042;-41.973;AV MAURO ALVES RIBEIRO JUNIOR, 1044
SP;ALTINOPOLIS;SAMU ALTINOPOLIS;RUA LUIZA HELWING;0;JARDIM LUIZA;14350000;-21.026;-47.374;RUA LUIZA HELWING, 0
SP;PARAISO;ACADEMIA DA SAUDE DE PARAISO;AVENIDA JOSE APARECIDO GONCALVES;S/N;JARDIM BEATRIZ;15825000;-21.02425;-48.77324;AVENIDA JOSE APARECIDO GONCALVES, S/N
SP;PONTAL;UBS DR CALIL DAMIAO FILHO PONTAL;RUA HENRIQUE LOURENCO MARANHAO;70;NOVA PONTAL;14180000;-21.02178;-48.0314;RUA HENRIQUE LOURENCO MARANHAO, 70
SP;PITANGUEIRAS;BRUNA DENIPOTTE LUCATO ODONTOLOGIA PITANGUEIRAS;RUA ANTONIO DIAS GUIMARAES;60;JD DAS PITANGUEIRAS;14750000;-21.00728;-48.22279;RUA ANTONIO DIAS GUIMARAES, 60
SP;MIRANDOPOLIS;UBS MARIO COVAS MIRANDOPOLIS;RUA JOAO FRANCISCO;526;1 ALIANCA;16800000;-21.00207;-51.08745;RUA JOAO FRANCISCO, 526
SP;BRODOWSKI;UBS DR LUIZ BRISOTTI BRODOWSKI;RUA OSWALDO CRUZ;S/N;VILA N S DAS GRACAS;14340000;-20.9822;-47.64808;RUA OSWALDO CRUZ, S/N
RJ;PORCIUNCULA;CENTRO MUNICIPAL DE FISIOTERAPIA DE PORCIUNCULA;RUA JOAO FRANCISCO BRAZ;S/N;BOA VISTA;28390000;-20.96632;-42.03996;RUA JOAO FRANCISCO BRAZ, S/N
SP;TABAPUA;SUELEM APARECIDA BRA GARCIA;RUA ADNAEL MOREIRA;1583;JD ALTO TABAPUA;15880000;-20.96246;-49.03311;RUA ADNAEL MOREIRA, 1583
SP;BEBEDOURO;RUBENS NASCIMENTO BUENO;RUA CAETANO ZACARELLI;651;JD CENTENARIO;14711504;-20.949;-48.479;RUA CAETANO ZACARELLI, 651
SP;UCHOA;ESF DR EDUARDO LAINETTI;RUA FRANCISCO ABDALLA;220;SAO MIIGUEL;15890000;-20.94677;-49.17278;RUA FRANCISCO ABDALLA, 220
SP;SANTO ANTONIO DO ARACANGUA;UBS II MAJOR PRADO SANTO ANTONIO DO ARACANGUA;RUA AUGUSTO BRIOLI;490;MAJOR PRADO;16150000;-20.93381;-50.49777;RUA AUGUSTO BRIOLI, 490
SP;BADY BASSITT;FISIOTERAPIA BADY BADY BASSITT;VISCONDE DE CAIRU;1555;JD CRISTINA DE FREI;15115000;-20.918;-49.445;VISCONDE DE CAIRU, 1555
SP;BATATAIS;UBS DE VILA LOPES DR JOAO DE SOUZA MARQUES;PRC SANTA LUZIA;S/N;VILA SANTA LUZIA;14312328;-20.91365;-47.57803;PRC SANTA LUZIA, S/N
SP;CEDRAL;PROFISIO CLINICA DE FISIOTERAPIA CEDRAL;RUA FERNANDO LUCATO;22;JARDIM GALANTE;15895000;-20.90764;-49.26657;RUA FERNANDO LUCATO, 22
SP;MONTE AZUL PAULISTA;ESTRATEGIA SAUDE DA FAMILIA SAO SEBASTIAO;PROFESSOR LAMARTINE CIONE;90;COLINA DO SONHO I;14730000;-20.90657;-48.65048;PROFESSOR LAMARTINE CIONE, 90
SP;ANDRADINA;VIGILANCIA EPIDEMIOLOGICA MUNICIPAL DE ANDRADINA;RUA GOIAS;S/N;JARDIM ALVORADA;16900062;-20.89872;-51.38195;RUA GOIAS, S/N
SP;JACI;PSF II RESIDENCIAL EMANUELA JACI;RUA ORLANDO BENEDETTI;1387;RESIDENCIAL EMANUELA;15155000;-20.87752;-49.57011;RUA ORLANDO BENEDETTI, 1387
SP;CAJOBI;UNIDADE DE SAUDE DA FAMILIA DE CAJOBI;RUA AGNELLO DA CRUZ PRATES;5;COHAB 1;15410000;-20.87692;-48.81114;RUA AGNELLO DA CRUZ PRATES, 5
SP;VIRADOURO;CONSULTORIO MEDICO DR REGINA E DR FELIX VIRADOURO SP;RUA DR SANDOVAL JOSE DE ALMEIDA;105;VILA BELUZZO;14740000;-20.8713;-48.29926;RUA DR SANDOVAL JOSE DE ALMEIDA, 105
SP;CASTILHO;EFS ALIPIO;RUA BENEDITO RODRIGUES MATOS;230;CONJUNTO ALIPIO;16920000;-20.86097;-51.48652;RUA BENEDITO RODRIGUES MATOS, 230
SP;MONCOES;ACADEMIA MUNICIPAL DA SAUDE;AVENIDA RONDONIA;S/N;JARDIM RAMIRES;15275000;-20.84985;-50.0995;AVENIDA RONDONIA, S/N
SP;NEVES PAULISTA;CS DE MIRALUZ NEVES PAULISTA;RUA JOSE BONIFACIO;S/N;DISTRITO;15120000;-20.84926;-49.63121;RUA JOSE BONIFACIO, S/N
SP;MIRASSOL;HOSPITAL HB SAUDE;AVA ELIEZER MAGALHAES;2507;JAD MARILU;15135070;-20.81768;-49.51265;AVA ELIEZER MAGALHAES, 2507
SP;SAO JOSE DO RIO PRETO;SERVICO DE ATENDIMENTO MOVEL DE URGENCIA;RUA PEDRO GOES;S/N;VILA ITALIA;15030020;-20.807;-49.407;RUA PEDRO GOES, S/N
SP;MACAUBAL;CENTROFISIO;ANTONIO PASSOS LEPES;386;JARDIM BUISSA II;15270000;-20.806;-49.964;ANTONIO PASSOS LEPES, 386
SP;GUAPIACU;ESFSB MI CAIC DE GUAPIACU;RUA FRANCISCO HENRIQUE;478;ALVORADA;15110000;-20.80089;-49.22711;RUA FRANCISCO HENRIQUE, 478
SP;TERRA ROXA;ESF CORINA CAMPOS SILVA;RUA GISABURO HOSHINA;S/N;JDIM SAO PAULO;14745000;-20.79216;-48.33351;RUA GISABURO HOSHINA, S/N
SP;SANTA FE DO SUL;ESF BELA VISTA SANTA FE DO SUL;RUA TRINTA TRES;635;JARDIM PRATA;15775000;-20.79033;-51.66087;RUA TRINTA TRES, 635
SP;MONTE APRAZIVEL;APS DA VILA APARECIDA JOAO DUARTE MONTEIRO MONTE APRAZIVEL;AVENIDA SAO PAULO;407;VILA APARECIDA;15150000;-20.773;-49.714;AVENIDA SAO PAULO, 407
SP;SALES OLIVEIRA;SPACO CORPO EM EQUILIBRIO MICHEL FABIANO DE OLIVEIRA;RUA MJR MANOEL M PACIENCIA;784;CAMPO DA FORMIGA;14660000;-20.77003;-47.84045;RUA MJR MANOEL M PACIENCIA, 784
SP;MORRO AGUDO;ESF II NILSON DE PAULA CARVALHO EQUIP SAUDE BUCAL ESB;AV DR JADER MAGALHAES LARA FERNANDES;255;JARDIM DOS SILVEIRA;14640000;-20.74079;-48.05784;AV DR JADER MAGALHAES LARA FERNANDES, 255
SP;OLIMPIA;UBS DR CLODOALDO MARINS SARTI;AVENIDA CONSTITUCIONALISTA DE 32;525;SANTA EFIGENIA;15405024;-20.737;-48.915;AVENIDA CONSTITUCIONALISTA DE 32, 525
SP;BALSAMO;E S F DR DENIR ZAMARIOLLI;JULIO MANSUETO CAVALIN;146;JARDIM CRISTINA;15140000;-20.735;-49.584;JULIO MANSUETO CAVALIN, 146
SP;NUPORANGA;ESF JOSEF ALBERT DE LOUIS DEGRYSE;AV FERNANDO FIGUEIREDO;100;AMARO GERA;14670000;-20.73;-47.749;AV FERNANDO FIGUEIREDO, 100
SP;ORLANDIA;CENTRO ODONTOLOGICO GENUINO NOGUEIRA ORLANDIA;AVENIDA F;924;JD BOA VISTA;14620000;-20.71581;-47.87485;AVENIDA F, 924
SP;COLINA;CONSULTORIO DE PSICOLOGIA DA BRUNA;RUA TIRADENTES;55;VILA JUNQUEIRA;14770000;-20.713;-48.541;RUA TIRADENTES, 55
SP;AURIFLAMA;ESF I BAIRRO CACHOPA PAULO GUERRA NETO;RUA ANTONIO MIRANDA;3135;CACHOPA;15350000;-20.69476;-50.55075;RUA ANTONIO MIRANDA, 3135
SP;NHANDEARA;HOSPITAL SAO DOMINGOS NA PROV DE DEUS NHANDEARA;AV PEDRO PEDROSA;236;JD NOSSA SRA APARECI;15190000;-20.694;-50.038;AV PEDRO PEDROSA, 236
SP;IPIGUA;UBS LUIS FACHIN IPIGUA;RUA GERALDINA DUTRA SALVADOR;700;JD HABITACIONAL DIVI;15108000;-20.65402;-49.38385;RUA GERALDINA DUTRA SALVADOR, 700
SP;GENERAL SALGADO;ESF OSMAR ANTONIO DO CARMO;RUA IZAEL AUGUSTO RIBEIRO;S/N;PADRE VITORINO;15300000;-20.648;-50.361;RUA IZAEL AUGUSTO RIBEIRO, S/N
SP;ITAPURA;UBS ENTRE RIOS;AVENIDA CARVALHO;S/N;ENTRE RIOS;15390000;-20.64745;-51.39303;AVENIDA CARVALHO, S/N
SP;PATROCINIO PAULISTA;ESF BANDEIRANTES DE PATROCINIO PAULISTA;RUA DR JOAO PINTO CAVALCANTE;S/N;BANDEIRANTES;14415000;-20.64623;-47.28512;RUA DR JOAO PINTO CAVALCANTE, S/N
SP;PEREIRA BARRETO;LTLAB ANALISES CLINICAS;RUA DR DERMIVAL FRANCESCHI;838;VIL CARVALHO;15370000;-20.638;-51.109;RUA DR DERMIVAL FRANCESCHI, 838
SP;TANABI;ESF DR OSWALDO FEDERICO;RUA LOPES MORENO LOPES;S/N;JARDIM CENTENARIO;15170000;-20.626;-49.649;RUA LOPES MORENO LOPES, S/N
SP;SAO JOAQUIM DA BARRA;ESF VEREADOR APARECIDO FERREIRA BORGES;RUA EDUARDO GRELET DIP;110;JOAO PAULO II;14600000;-20.59843;-47.87902;RUA EDUARDO GRELET DIP, 110
SP;RESTINGA;PSF MOGIANA II DE RESTINGA;RUA JOSE LUIZ FERRACIOLI;210;MOGIANA II;14430000;-20.59768;-47.47766;RUA JOSE LUIZ FERRACIOLI, 210
RJ;VARRE-SAI;ACADEMIA DE SAUDE ANTONIA SILEIA FABRI PINTO;PROJETADA;S/N;PARQUE CONFIANCA;28375000;-20.5558;-41.515;PROJETADA, S/N
SP;ALTAIR;UBS JOSE THOMAZ DA SILVA;RUA CATARINO TOMAZ DA SILVA;90;SUINANA;15430000;-20.5489;-49.13249;RUA CATARINO TOMAZ DA SILVA, 90
SP;NOVA GRANADA;UNIDADE DE SAUDE DA FAMILIA DR JUAN ALEJANDRO YUGAR LOPEZ;RUA OSAMU SHIOTA;45;GRANADA 1;15440000;-20.54249;-49.32318;RUA OSAMU SHIOTA, 45
SP;BARRETOS;FLAVIO MARTINS FERREIRA;RUA CHADE REZECK;274;ZEQUINHA AMENDOLA;14781262;-20.5308;-48.55727;RUA CHADE REZECK, 274
SP;FRANCA;UBS GUANABARA;RUA JAMIL ABDALLA;351;JAD GUANABARA;14405442;-20.51959;-47.40958;RUA JAMIL ABDALLA, 351
SP;SUZANAPOLIS;APAE DE SUZANAPOLIS SP;RUA NOSSA SENHORA APARECIDA;1127;JD MONTE VISTOSO;15380000;-20.49827;-51.0292;RUA NOSSA SENHORA APARECIDA, 1127
SP;GUARACI;UBS DR ADALBERTO MOREDA MENDES GUARACI SP;ABILIO OLIVEIRA DA SILVA;22;COHAB 4;15420000;-20.49184;-48.94243;ABILIO OLIVEIRA DA SILVA, 22
SP;IPUA;UBS CAPELINHA CENTRO DE IMUNIZACAO;AV JOSE JUNQUEIRA MEIRELLES;140;CAPELINHA;14610000;-20.49088;-47.99373;AV JOSE JUNQUEIRA MEIRELLES, 140
SP;COSMORAMA;ESF GERALDO OTAVIO RODRIGUES COSMORAMA;RUA HELENA ALVES GARCIA;792;VILA HONORIO;15530000;-20.47689;-49.77963;RUA HELENA ALVES GARCIA, 792
SP;APARECIDA D'OESTE;ACADEMIA DE SAUDE PEDRO ZENLY;RUA ANTONIO FELIPE GUILHEM;130;COHAB FILOGOMES MART;15735000;-20.449;-50.88;RUA ANTONIO FELIPE GUILHEM, 130
SP;PONTALINDA;UBS DE PONTALINDA;AV BRASIL;1269;COHAB JOSE C PEREIRA;15718000;-20.441;-50.523;AV BRASIL, 1269
SP;ILHA SOLTEIRA;CONSULTORIO MEDICO;PASSEIO BELO HORIZONTE;514;ZONA SUL;15385000;-20.433;-51.343;PASSEIO BELO HORIZONTE, 514
SP;GUARA;SANTA CASA DE GUARA;RUA JOSE CALAZANS;40;VILA VITORIA;14580000;-20.428;-47.824;RUA JOSE CALAZANS, 40
SP;PALMEIRA D'OESTE;ESF VIVER BEM;AVENIDA JOSE MANOEL MOLINA;4941;MUTIRAO;15720000;-20.42552;-50.76081;AVENIDA JOSE MANOEL MOLINA, 4941
SP;VOTUPORANGA;CONS ISOL DRA ADRIANA GUERCHE GIBIM VOTUPORANGA;R TIETE;3068;SANTA ELISA;15505186;-20.4229;-49.96826;R TIETE, 3068
SP;VALENTIM GENTIL;ESF DE VALENTIM GENTIL;AVENIDA VICTORIO CAVALIM;1;CHOAB;15520000;-20.41787;-50.08504;AVENIDA VICTORIO CAVALIM, 1
SP;CRISTAIS PAULISTA;COMPLEXO DE SAUDE LUIZ CARLOS LEONARDO;AV MIGUEL SABIO DE MELO;2770;BL HORIZONTE I;14460000;-20.397;-47.42;AV MIGUEL SABIO DE MELO, 2770
SP;NOVA CANAA PAULISTA;UBS SOCIMBRA DE NOVA CANAA PAULISTA;RUA ANISIO JOSE MOREIRA;S/N;SOCIMBRA;15773000;-20.36854;-50.89611;RUA ANISIO JOSE MOREIRA, S/N
SP;ITUVERAVA;PSF JOSE YAMADA VILA SAO JORGE;ANDRE GOMES DO NASCIMENTO;1195;PARQUE DOS ESPORTES;14500000;-20.339;-47.781;ANDRE GOMES DO NASCIMENTO, 1195
SP;ICEM;ESF DE ICEM;RUA MILITAO BATISTA DO CARMO;560;IRMAOS TERRUGGI;15460000;-20.33484;-49.19754;RUA MILITAO BATISTA DO CARMO, 560
SP;GUAIRA;CLINICA DE CORRECAO DA VISAO;AVENIDA GABRIEL GARCIA LEAL;1880;PALMARES;14790000;-20.33483;-48.31894;AVENIDA GABRIEL GARCIA LEAL, 1880
SP;ALVARES FLORENCE;ESF ARGEMIRO PIMENTA;RUA ESPIRITO SANTO;S/N;JARDIM IGAPIRA;15540000;-20.32097;-49.90451;RUA ESPIRITO SANTO, S/N
SP;ESTRELA D'OESTE;APAE DE ESTRELA DOESTE;RUA MINAS GERAIS;2999;JULIO ANDRE;15650000;-20.28789;-50.39541;RUA MINAS GERAIS, 2999
SP;JALES;ESF SETUO SUETUGO JALES;RUA ITAPURA;1642;JD SAO JORGE;15704198;-20.27866;-50.55025;RUA ITAPURA, 1642
SP;FERNANDOPOLIS;DROGARIA BRASILANDIA FERNANDOPOLIS;RUA GUILHERME BIM;489;BRASILANDIA;15606164;-20.27828;-50.23101;RUA GUILHERME BIM, 489
SP;PEDREGULHO;CENTRO EDUCACIONAL DE INTEGRACAO SOCIAL PEDREGULHO;RUA JOSE CONCALVES SOBRINHO;95;STA LUZIA;14470000;-20.257;-47.477;RUA JOSE CONCALVES SOBRINHO, 95
SP;URANIA;SAMU 192 URANIA;RUA DA GLORIA;218;NS DE FATIMA;15760000;-20.252;-50.64308;RUA DA GLORIA, 218
SP;TRES FRONTEIRAS;ESF DO JARDIM RAFAEL TRES FRONTEIRAS;RUA JOSE MANOEL FERREIRA;861;JARDIM RAFAEL;15770000;-20.23189;-50.88847;RUA JOSE MANOEL FERREIRA, 861
SP;PALESTINA;MEDICINA OCUPACIONAL;ESTRADA MUNICIPAL PALESTINA E PONTES GESTAL;0;PONTAL LAGEADO;15470000;-20.2274;-49.617;ESTRADA MUNICIPAL PALESTINA E PONTES GESTAL, 0
SP;ORINDIUVA;SERVICOS DE FONOAUDIOLOGIA;RUA WEIVEL DELIBERTI;205;RESIDENCIAL GLORIA;15480000;-20.18685;-49.35185;RUA WEIVEL DELIBERTI, 205
SP;MIGUELOPOLIS;P A S II JOSE ANTONIO DA SILVA MIGUELOPOLIS;RUA ABILIO DUARTE;S/N;TETUO INON;14530000;-20.179;-48.032;RUA ABILIO DUARTE, S/N
SP;RUBINEIA;PAS ESMERALDA RUBINEIA;AV CORONEL FRANCISCO SCHMIDT;90;ESMERALDA;15790000;-20.179;-51.002;AV CORONEL FRANCISCO SCHMIDT, 90
SP;PONTES GESTAL;USF PONTES GESTAL;RUA MARIA LUCIA GONCALVES CRUZ;S/N;JARDIM DOS BURITIS;15560000;-20.167;-49.703;RUA MARIA LUCIA GONCALVES CRUZ, S/N
SP;ARAMINA;CONSULTORIO ODONTOLOGICO OSWALDO CAMPOS;AVENIDA ANTONIA RIOS QUERCIA;1479;CELSO TORREZAN;14550000;-20.09;-47.786;AVENIDA ANTONIA RIOS QUERCIA, 1479
SP;SANTA CLARA D'OESTE;COMUNIDADE TERAPEUTICA SALTO PARA A VIDA;17;S/N;CORREGO DO CONTRA;15785000;-20.089;-50.954;17, S/N
SP;CARDOSO;ESF SAO JOAO DO MARINHEIRO CARDOSO;AVENIDA ABREU;S/N;SAO J DO MARINHEIRO;15570000;-20.082;-49.914;AVENIDA ABREU, S/N
SP;RIFAINA;CS DE RIFAINA;RUA MOACIR VEDOVATO;23;AYRTON SENNA;14490000;-20.081;-47.421;RUA MOACIR VEDOVATO, 23
SP;IGARAPAVA;ESF VILA GOMES;RUA PACIFICO PINHEIRO;9;VILA GOMES;14540000;-20.03884;-47.74489;RUA PACIFICO PINHEIRO, 9
SP;OUROESTE;CLINICA PSICOLOGIA MENTE E COMPORTAMENTO;AV DOS BANDEIRANTES;2201;JARDIM SARINHA II;15685000;-20.001;-50.372;AV DOS BANDEIRANTES, 2201
SP;INDIAPORA;UNIDADE BASICA DE SAUDE PREFEITO JOSE OLIVEIRA DE SOUZA;RUA JOSE SCAPIN;850;CESP;15690000;-19.97852;-50.28474;RUA JOSE SCAPIN, 850
SP;MESOPOLIS;UBS DE MESOPOLIS;RUA DIREITOS HUMANOS;2164;BOA ESPERANCA;15748000;-19.96781;-50.62315;RUA DIREITOS HUMANOS, 2164
RJ;GUAPIMIRIM;CAPS CENTRO DE ATENCAO PSICOSOCIAL;RUA ROGERIO CORTEZ;180;PAIOL;25945886;-22.3123;-42.5848;RUA ROGERIO CORTEZ, 180
SP;PEREIRAS;UNIDADE PROGRAMA DA SAUDE DA FAMILIA ESTACAO;RUA BENEDITO LEME VIEIRA;117;B ESTACAO;18580000;-23.03671;-47.94523;RUA BENEDITO LEME VIEIRA, 117
